Added Component: Designator=C1(FP-0603-L_1_6_0_15-W_0_8-MFG)
Add component (AddParameter): Name = "Capacitor Type"; Value = "Ceramic"; VariantName = "[No Variations]"
Add component (AddParameter): Name = "Case/Package"; Value = "0603"; VariantName = "[No Variations]"
Add component (AddParameter): Name = "Dielectric Material"; Value = "Ceramic"; VariantName = "[No Variations]"
Add component (AddParameter): Name = "Height"; Value = "0.8mm"; VariantName = "[No Variations]"
Add component (AddParameter): Name = "JESD-609 Code"; Value = "e3"; VariantName = "[No Variations]"
Add component (AddParameter): Name = "Length"; Value = "1.6mm"; VariantName = "[No Variations]"
Add component (AddParameter): Name = "Max Operating Temperature"; Value = "125°C"; VariantName = "[No Variations]"
Add component (AddParameter): Name = "Min Operating Temperature"; Value = "-55°C"; VariantName = "[No Variations]"
Add component (AddParameter): Name = "Mounting Technology"; Value = "Surface Mount"; VariantName = "[No Variations]"
Add component (AddParameter): Name = "Multilayer"; Value = "Yes"; VariantName = "[No Variations]"
Add component (AddParameter): Name = "Package Shape"; Value = "Rectangular"; VariantName = "[No Variations]"
Add component (AddParameter): Name = "Package Style"; Value = "SMTMeter"; VariantName = "[No Variations]"
Add component (AddParameter): Name = "Packaging"; Value = "Tape and Reel"; VariantName = "[No Variations]"
Add component (AddParameter): Name = "Pins"; Value = "2"; VariantName = "[No Variations]"
Add component (AddParameter): Name = "Rated DC Voltage (URdc)"; Value = "50V"; VariantName = "[No Variations]"
Add component (AddParameter): Name = "Reach SVHC Compliant"; Value = "Yes"; VariantName = "[No Variations]"
Add component (AddParameter): Name = "RoHS Compliant"; Value = "Yes"; VariantName = "[No Variations]"
Add component (AddParameter): Name = "Temperature Characteristics Code"; Value = "X7R"; VariantName = "[No Variations]"
Add component (AddParameter): Name = "Terminal Finish"; Value = "Tin"; VariantName = "[No Variations]"
Add component (AddParameter): Name = "Termination"; Value = "Wraparound"; VariantName = "[No Variations]"
Add component (AddParameter): Name = "Tolerance  (fill in as +-)"; Value = "10%"; VariantName = "[No Variations]"
Add component (AddParameter): Name = "Tolerance (fill in as +-)"; Value = "10%"; VariantName = "[No Variations]"
Add component (AddParameter): Name = "Value"; Value = "1uF"; VariantName = "[No Variations]"
Add component (AddParameter): Name = "Width"; Value = "0.8mm"; VariantName = "[No Variations]"
Added Component: Designator=C2(FP-0603-L_1_6_0_15-W_0_8-MFG)
Add component (AddParameter): Name = "Capacitor Type"; Value = "Ceramic"; VariantName = "[No Variations]"
Add component (AddParameter): Name = "Case/Package"; Value = "0603"; VariantName = "[No Variations]"
Add component (AddParameter): Name = "Dielectric Material"; Value = "Ceramic"; VariantName = "[No Variations]"
Add component (AddParameter): Name = "Height"; Value = "0.8mm"; VariantName = "[No Variations]"
Add component (AddParameter): Name = "JESD-609 Code"; Value = "e3"; VariantName = "[No Variations]"
Add component (AddParameter): Name = "Length"; Value = "1.6mm"; VariantName = "[No Variations]"
Add component (AddParameter): Name = "Max Operating Temperature"; Value = "125°C"; VariantName = "[No Variations]"
Add component (AddParameter): Name = "Min Operating Temperature"; Value = "-55°C"; VariantName = "[No Variations]"
Add component (AddParameter): Name = "Mounting Technology"; Value = "Surface Mount"; VariantName = "[No Variations]"
Add component (AddParameter): Name = "Multilayer"; Value = "Yes"; VariantName = "[No Variations]"
Add component (AddParameter): Name = "Package Shape"; Value = "Rectangular"; VariantName = "[No Variations]"
Add component (AddParameter): Name = "Package Style"; Value = "SMTMeter"; VariantName = "[No Variations]"
Add component (AddParameter): Name = "Packaging"; Value = "Tape and Reel"; VariantName = "[No Variations]"
Add component (AddParameter): Name = "Pins"; Value = "2"; VariantName = "[No Variations]"
Add component (AddParameter): Name = "Rated DC Voltage (URdc)"; Value = "50V"; VariantName = "[No Variations]"
Add component (AddParameter): Name = "Reach SVHC Compliant"; Value = "Yes"; VariantName = "[No Variations]"
Add component (AddParameter): Name = "RoHS Compliant"; Value = "Yes"; VariantName = "[No Variations]"
Add component (AddParameter): Name = "Temperature Characteristics Code"; Value = "X7R"; VariantName = "[No Variations]"
Add component (AddParameter): Name = "Terminal Finish"; Value = "Tin"; VariantName = "[No Variations]"
Add component (AddParameter): Name = "Termination"; Value = "Wraparound"; VariantName = "[No Variations]"
Add component (AddParameter): Name = "Tolerance  (fill in as +-)"; Value = "10%"; VariantName = "[No Variations]"
Add component (AddParameter): Name = "Tolerance (fill in as +-)"; Value = "10%"; VariantName = "[No Variations]"
Add component (AddParameter): Name = "Value"; Value = "1uF"; VariantName = "[No Variations]"
Add component (AddParameter): Name = "Width"; Value = "0.8mm"; VariantName = "[No Variations]"
Added Component: Designator=C3(CGA3E2X7R1H103K080AA-Footprint-1)
Add component (AddParameter): Name = "Case Code (Imperial)"; Value = "0603"; VariantName = "[No Variations]"
Add component (AddParameter): Name = "Case Code (Metric)"; Value = "1608"; VariantName = "[No Variations]"
Add component (AddParameter): Name = "Case/Package"; Value = "0603"; VariantName = "[No Variations]"
Add component (AddParameter): Name = "China RoHS"; Value = "Compliant"; VariantName = "[No Variations]"
Add component (AddParameter): Name = "Composition"; Value = "Ceramic"; VariantName = "[No Variations]"
Add component (AddParameter): Name = "Dielectric"; Value = "X7R"; VariantName = "[No Variations]"
Add component (AddParameter): Name = "Dielectric Material"; Value = "Ceramic"; VariantName = "[No Variations]"
Add component (AddParameter): Name = "Height"; Value = "800µm"; VariantName = "[No Variations]"
Add component (AddParameter): Name = "Lead Free"; Value = "Lead Free"; VariantName = "[No Variations]"
Add component (AddParameter): Name = "Length"; Value = "1.6mm"; VariantName = "[No Variations]"
Add component (AddParameter): Name = "Lifecycle Status"; Value = "Production"; VariantName = "[No Variations]"
Add component (AddParameter): Name = "Manufacturer Lifecycle Status"; Value = "PRODUCTION"; VariantName = "[No Variations]"
Add component (AddParameter): Name = "Material"; Value = "Ceramic"; VariantName = "[No Variations]"
Add component (AddParameter): Name = "Max Length"; Value = "1.7mm"; VariantName = "[No Variations]"
Add component (AddParameter): Name = "Max Operating Temperature"; Value = "125°C"; VariantName = "[No Variations]"
Add component (AddParameter): Name = "Max Width"; Value = "900µm"; VariantName = "[No Variations]"
Add component (AddParameter): Name = "Min Length"; Value = "1.5mm"; VariantName = "[No Variations]"
Add component (AddParameter): Name = "Min Operating Temperature"; Value = "-55°C"; VariantName = "[No Variations]"
Add component (AddParameter): Name = "Min Width"; Value = "700µm"; VariantName = "[No Variations]"
Add component (AddParameter): Name = "Mounting Technology"; Value = "Surface Mount"; VariantName = "[No Variations]"
Add component (AddParameter): Name = "Number of Terminals"; Value = "2"; VariantName = "[No Variations]"
Add component (AddParameter): Name = "Ratings"; Value = "AEC-Q200"; VariantName = "[No Variations]"
Add component (AddParameter): Name = "REACH SVHC"; Value = "Yes"; VariantName = "[No Variations]"
Add component (AddParameter): Name = "RoHS"; Value = "Compliant"; VariantName = "[No Variations]"
Add component (AddParameter): Name = "Schedule B"; Value = "8532240020, 8532240020"; VariantName = "[No Variations]"
Add component (AddParameter): Name = "Termination"; Value = "SMD/SMT"; VariantName = "[No Variations]"
Add component (AddParameter): Name = "Thickness"; Value = "889µm"; VariantName = "[No Variations]"
Add component (AddParameter): Name = "Tolerance"; Value = "10%"; VariantName = "[No Variations]"
Add component (AddParameter): Name = "Value"; Value = "10nF"; VariantName = "[No Variations]"
Add component (AddParameter): Name = "Voltage Rating"; Value = "50V"; VariantName = "[No Variations]"
Add component (AddParameter): Name = "Voltage Rating (DC)"; Value = "50V"; VariantName = "[No Variations]"
Add component (AddParameter): Name = "Weight"; Value = "2.012816mg"; VariantName = "[No Variations]"
Add component (AddParameter): Name = "Width"; Value = "800µm"; VariantName = "[No Variations]"
Added Component: Designator=C4(FP-C0603C-CF-IPC_C)
Add component (AddParameter): Name = "Case Code (Imperial)"; Value = "0603"; VariantName = "[No Variations]"
Add component (AddParameter): Name = "Case/Package"; Value = "0603"; VariantName = "[No Variations]"
Add component (AddParameter): Name = "China RoHS"; Value = "Compliant"; VariantName = "[No Variations]"
Add component (AddParameter): Name = "Contact Material"; Value = "Tin"; VariantName = "[No Variations]"
Add component (AddParameter): Name = "Country of Origin"; Value = "Mainland China, Mexico"; VariantName = "[No Variations]"
Add component (AddParameter): Name = "Depth"; Value = "800µm"; VariantName = "[No Variations]"
Add component (AddParameter): Name = "Dielectric"; Value = "C0G"; VariantName = "[No Variations]"
Add component (AddParameter): Name = "Dielectric Material"; Value = "Ceramic"; VariantName = "[No Variations]"
Add component (AddParameter): Name = "Dissipation Factor"; Value = "0.1%"; VariantName = "[No Variations]"
Add component (AddParameter): Name = "Export Control Classification Number (ECCN) Code"; Value = "EAR99"; VariantName = "[No Variations]"
Add component (AddParameter): Name = "Harmonized Tariff Schedule (HTS) Code"; Value = "8532.24.00.20"; VariantName = "[No Variations]"
Add component (AddParameter): Name = "Height"; Value = "800µm"; VariantName = "[No Variations]"
Add component (AddParameter): Name = "Introduction Date"; Value = "1997-02-01"; VariantName = "[No Variations]"
Add component (AddParameter): Name = "Lead Free"; Value = "Lead Free"; VariantName = "[No Variations]"
Add component (AddParameter): Name = "Lead Pitch"; Value = "700µm"; VariantName = "[No Variations]"
Add component (AddParameter): Name = "Length"; Value = "1.6mm"; VariantName = "[No Variations]"
Add component (AddParameter): Name = "Lifecycle Status"; Value = "Production"; VariantName = "[No Variations]"
Add component (AddParameter): Name = "Material"; Value = "Ceramic"; VariantName = "[No Variations]"
Add component (AddParameter): Name = "Max Operating Temperature"; Value = "125°C"; VariantName = "[No Variations]"
Add component (AddParameter): Name = "Min Operating Temperature"; Value = "-55°C"; VariantName = "[No Variations]"
Add component (AddParameter): Name = "Mounting Technology"; Value = "Surface Mount"; VariantName = "[No Variations]"
Add component (AddParameter): Name = "Number of Terminals"; Value = "2"; VariantName = "[No Variations]"
Add component (AddParameter): Name = "Packaging"; Value = "Cut Tape"; VariantName = "[No Variations]"
Add component (AddParameter): Name = "Pins"; Value = "2"; VariantName = "[No Variations]"
Add component (AddParameter): Name = "Radiation Hardening"; Value = "No"; VariantName = "[No Variations]"
Add component (AddParameter): Name = "REACH SVHC"; Value = "Yes"; VariantName = "[No Variations]"
Add component (AddParameter): Name = "RoHS"; Value = "Compliant"; VariantName = "[No Variations]"
Add component (AddParameter): Name = "Schedule B"; Value = "8532240020, 8532240020"; VariantName = "[No Variations]"
Add component (AddParameter): Name = "Temperature Coefficient"; Value = "30ppm/°C"; VariantName = "[No Variations]"
Add component (AddParameter): Name = "Termination"; Value = "SMD/SMT"; VariantName = "[No Variations]"
Add component (AddParameter): Name = "Thickness"; Value = "863.6µm"; VariantName = "[No Variations]"
Add component (AddParameter): Name = "Tolerance"; Value = "5%"; VariantName = "[No Variations]"
Add component (AddParameter): Name = "Value"; Value = "100pF"; VariantName = "[No Variations]"
Add component (AddParameter): Name = "Voltage"; Value = "50V"; VariantName = "[No Variations]"
Add component (AddParameter): Name = "Voltage Rating"; Value = "50V"; VariantName = "[No Variations]"
Add component (AddParameter): Name = "Voltage Rating (AC)"; Value = "50V"; VariantName = "[No Variations]"
Add component (AddParameter): Name = "Voltage Rating (DC)"; Value = "50V"; VariantName = "[No Variations]"
Add component (AddParameter): Name = "Width"; Value = "800µm"; VariantName = "[No Variations]"
Added Component: Designator=C5(CGA3E2X7R1H103K080AA-Footprint-1)
Add component (AddParameter): Name = "Case Code (Imperial)"; Value = "0603"; VariantName = "[No Variations]"
Add component (AddParameter): Name = "Case Code (Metric)"; Value = "1608"; VariantName = "[No Variations]"
Add component (AddParameter): Name = "Case/Package"; Value = "0603"; VariantName = "[No Variations]"
Add component (AddParameter): Name = "China RoHS"; Value = "Compliant"; VariantName = "[No Variations]"
Add component (AddParameter): Name = "Composition"; Value = "Ceramic"; VariantName = "[No Variations]"
Add component (AddParameter): Name = "Dielectric"; Value = "X7R"; VariantName = "[No Variations]"
Add component (AddParameter): Name = "Dielectric Material"; Value = "Ceramic"; VariantName = "[No Variations]"
Add component (AddParameter): Name = "Height"; Value = "800µm"; VariantName = "[No Variations]"
Add component (AddParameter): Name = "Lead Free"; Value = "Lead Free"; VariantName = "[No Variations]"
Add component (AddParameter): Name = "Length"; Value = "1.6mm"; VariantName = "[No Variations]"
Add component (AddParameter): Name = "Lifecycle Status"; Value = "Production"; VariantName = "[No Variations]"
Add component (AddParameter): Name = "Manufacturer Lifecycle Status"; Value = "PRODUCTION"; VariantName = "[No Variations]"
Add component (AddParameter): Name = "Material"; Value = "Ceramic"; VariantName = "[No Variations]"
Add component (AddParameter): Name = "Max Length"; Value = "1.7mm"; VariantName = "[No Variations]"
Add component (AddParameter): Name = "Max Operating Temperature"; Value = "125°C"; VariantName = "[No Variations]"
Add component (AddParameter): Name = "Max Width"; Value = "900µm"; VariantName = "[No Variations]"
Add component (AddParameter): Name = "Min Length"; Value = "1.5mm"; VariantName = "[No Variations]"
Add component (AddParameter): Name = "Min Operating Temperature"; Value = "-55°C"; VariantName = "[No Variations]"
Add component (AddParameter): Name = "Min Width"; Value = "700µm"; VariantName = "[No Variations]"
Add component (AddParameter): Name = "Mounting Technology"; Value = "Surface Mount"; VariantName = "[No Variations]"
Add component (AddParameter): Name = "Number of Terminals"; Value = "2"; VariantName = "[No Variations]"
Add component (AddParameter): Name = "Ratings"; Value = "AEC-Q200"; VariantName = "[No Variations]"
Add component (AddParameter): Name = "REACH SVHC"; Value = "Yes"; VariantName = "[No Variations]"
Add component (AddParameter): Name = "RoHS"; Value = "Compliant"; VariantName = "[No Variations]"
Add component (AddParameter): Name = "Schedule B"; Value = "8532240020, 8532240020"; VariantName = "[No Variations]"
Add component (AddParameter): Name = "Termination"; Value = "SMD/SMT"; VariantName = "[No Variations]"
Add component (AddParameter): Name = "Thickness"; Value = "889µm"; VariantName = "[No Variations]"
Add component (AddParameter): Name = "Tolerance"; Value = "10%"; VariantName = "[No Variations]"
Add component (AddParameter): Name = "Value"; Value = "10nF"; VariantName = "[No Variations]"
Add component (AddParameter): Name = "Voltage Rating"; Value = "50V"; VariantName = "[No Variations]"
Add component (AddParameter): Name = "Voltage Rating (DC)"; Value = "50V"; VariantName = "[No Variations]"
Add component (AddParameter): Name = "Weight"; Value = "2.012816mg"; VariantName = "[No Variations]"
Add component (AddParameter): Name = "Width"; Value = "800µm"; VariantName = "[No Variations]"
Added Component: Designator=C6(FP-C0603C-CF-IPC_C)
Add component (AddParameter): Name = "Case Code (Imperial)"; Value = "0603"; VariantName = "[No Variations]"
Add component (AddParameter): Name = "Case/Package"; Value = "0603"; VariantName = "[No Variations]"
Add component (AddParameter): Name = "China RoHS"; Value = "Compliant"; VariantName = "[No Variations]"
Add component (AddParameter): Name = "Contact Material"; Value = "Tin"; VariantName = "[No Variations]"
Add component (AddParameter): Name = "Country of Origin"; Value = "Mainland China, Mexico"; VariantName = "[No Variations]"
Add component (AddParameter): Name = "Depth"; Value = "800µm"; VariantName = "[No Variations]"
Add component (AddParameter): Name = "Dielectric"; Value = "C0G"; VariantName = "[No Variations]"
Add component (AddParameter): Name = "Dielectric Material"; Value = "Ceramic"; VariantName = "[No Variations]"
Add component (AddParameter): Name = "Dissipation Factor"; Value = "0.1%"; VariantName = "[No Variations]"
Add component (AddParameter): Name = "Export Control Classification Number (ECCN) Code"; Value = "EAR99"; VariantName = "[No Variations]"
Add component (AddParameter): Name = "Harmonized Tariff Schedule (HTS) Code"; Value = "8532.24.00.20"; VariantName = "[No Variations]"
Add component (AddParameter): Name = "Height"; Value = "800µm"; VariantName = "[No Variations]"
Add component (AddParameter): Name = "Introduction Date"; Value = "1997-02-01"; VariantName = "[No Variations]"
Add component (AddParameter): Name = "Lead Free"; Value = "Lead Free"; VariantName = "[No Variations]"
Add component (AddParameter): Name = "Lead Pitch"; Value = "700µm"; VariantName = "[No Variations]"
Add component (AddParameter): Name = "Length"; Value = "1.6mm"; VariantName = "[No Variations]"
Add component (AddParameter): Name = "Lifecycle Status"; Value = "Production"; VariantName = "[No Variations]"
Add component (AddParameter): Name = "Material"; Value = "Ceramic"; VariantName = "[No Variations]"
Add component (AddParameter): Name = "Max Operating Temperature"; Value = "125°C"; VariantName = "[No Variations]"
Add component (AddParameter): Name = "Min Operating Temperature"; Value = "-55°C"; VariantName = "[No Variations]"
Add component (AddParameter): Name = "Mounting Technology"; Value = "Surface Mount"; VariantName = "[No Variations]"
Add component (AddParameter): Name = "Number of Terminals"; Value = "2"; VariantName = "[No Variations]"
Add component (AddParameter): Name = "Packaging"; Value = "Cut Tape"; VariantName = "[No Variations]"
Add component (AddParameter): Name = "Pins"; Value = "2"; VariantName = "[No Variations]"
Add component (AddParameter): Name = "Radiation Hardening"; Value = "No"; VariantName = "[No Variations]"
Add component (AddParameter): Name = "REACH SVHC"; Value = "Yes"; VariantName = "[No Variations]"
Add component (AddParameter): Name = "RoHS"; Value = "Compliant"; VariantName = "[No Variations]"
Add component (AddParameter): Name = "Schedule B"; Value = "8532240020, 8532240020"; VariantName = "[No Variations]"
Add component (AddParameter): Name = "Temperature Coefficient"; Value = "30ppm/°C"; VariantName = "[No Variations]"
Add component (AddParameter): Name = "Termination"; Value = "SMD/SMT"; VariantName = "[No Variations]"
Add component (AddParameter): Name = "Thickness"; Value = "863.6µm"; VariantName = "[No Variations]"
Add component (AddParameter): Name = "Tolerance"; Value = "5%"; VariantName = "[No Variations]"
Add component (AddParameter): Name = "Value"; Value = "100pF"; VariantName = "[No Variations]"
Add component (AddParameter): Name = "Voltage"; Value = "50V"; VariantName = "[No Variations]"
Add component (AddParameter): Name = "Voltage Rating"; Value = "50V"; VariantName = "[No Variations]"
Add component (AddParameter): Name = "Voltage Rating (AC)"; Value = "50V"; VariantName = "[No Variations]"
Add component (AddParameter): Name = "Voltage Rating (DC)"; Value = "50V"; VariantName = "[No Variations]"
Add component (AddParameter): Name = "Width"; Value = "800µm"; VariantName = "[No Variations]"
Added Component: Designator=C7(CGA3E2X7R1H103K080AA-Footprint-1)
Add component (AddParameter): Name = "Case Code (Imperial)"; Value = "0603"; VariantName = "[No Variations]"
Add component (AddParameter): Name = "Case Code (Metric)"; Value = "1608"; VariantName = "[No Variations]"
Add component (AddParameter): Name = "Case/Package"; Value = "0603"; VariantName = "[No Variations]"
Add component (AddParameter): Name = "China RoHS"; Value = "Compliant"; VariantName = "[No Variations]"
Add component (AddParameter): Name = "Composition"; Value = "Ceramic"; VariantName = "[No Variations]"
Add component (AddParameter): Name = "Dielectric"; Value = "X7R"; VariantName = "[No Variations]"
Add component (AddParameter): Name = "Dielectric Material"; Value = "Ceramic"; VariantName = "[No Variations]"
Add component (AddParameter): Name = "Height"; Value = "800µm"; VariantName = "[No Variations]"
Add component (AddParameter): Name = "Lead Free"; Value = "Lead Free"; VariantName = "[No Variations]"
Add component (AddParameter): Name = "Length"; Value = "1.6mm"; VariantName = "[No Variations]"
Add component (AddParameter): Name = "Lifecycle Status"; Value = "Production"; VariantName = "[No Variations]"
Add component (AddParameter): Name = "Manufacturer Lifecycle Status"; Value = "PRODUCTION"; VariantName = "[No Variations]"
Add component (AddParameter): Name = "Material"; Value = "Ceramic"; VariantName = "[No Variations]"
Add component (AddParameter): Name = "Max Length"; Value = "1.7mm"; VariantName = "[No Variations]"
Add component (AddParameter): Name = "Max Operating Temperature"; Value = "125°C"; VariantName = "[No Variations]"
Add component (AddParameter): Name = "Max Width"; Value = "900µm"; VariantName = "[No Variations]"
Add component (AddParameter): Name = "Min Length"; Value = "1.5mm"; VariantName = "[No Variations]"
Add component (AddParameter): Name = "Min Operating Temperature"; Value = "-55°C"; VariantName = "[No Variations]"
Add component (AddParameter): Name = "Min Width"; Value = "700µm"; VariantName = "[No Variations]"
Add component (AddParameter): Name = "Mounting Technology"; Value = "Surface Mount"; VariantName = "[No Variations]"
Add component (AddParameter): Name = "Number of Terminals"; Value = "2"; VariantName = "[No Variations]"
Add component (AddParameter): Name = "Ratings"; Value = "AEC-Q200"; VariantName = "[No Variations]"
Add component (AddParameter): Name = "REACH SVHC"; Value = "Yes"; VariantName = "[No Variations]"
Add component (AddParameter): Name = "RoHS"; Value = "Compliant"; VariantName = "[No Variations]"
Add component (AddParameter): Name = "Schedule B"; Value = "8532240020, 8532240020"; VariantName = "[No Variations]"
Add component (AddParameter): Name = "Termination"; Value = "SMD/SMT"; VariantName = "[No Variations]"
Add component (AddParameter): Name = "Thickness"; Value = "889µm"; VariantName = "[No Variations]"
Add component (AddParameter): Name = "Tolerance"; Value = "10%"; VariantName = "[No Variations]"
Add component (AddParameter): Name = "Value"; Value = "10nF"; VariantName = "[No Variations]"
Add component (AddParameter): Name = "Voltage Rating"; Value = "50V"; VariantName = "[No Variations]"
Add component (AddParameter): Name = "Voltage Rating (DC)"; Value = "50V"; VariantName = "[No Variations]"
Add component (AddParameter): Name = "Weight"; Value = "2.012816mg"; VariantName = "[No Variations]"
Add component (AddParameter): Name = "Width"; Value = "800µm"; VariantName = "[No Variations]"
Added Component: Designator=C8(FP-C0603C-CF-IPC_C)
Add component (AddParameter): Name = "Case Code (Imperial)"; Value = "0603"; VariantName = "[No Variations]"
Add component (AddParameter): Name = "Case/Package"; Value = "0603"; VariantName = "[No Variations]"
Add component (AddParameter): Name = "China RoHS"; Value = "Compliant"; VariantName = "[No Variations]"
Add component (AddParameter): Name = "Contact Material"; Value = "Tin"; VariantName = "[No Variations]"
Add component (AddParameter): Name = "Country of Origin"; Value = "Mainland China, Mexico"; VariantName = "[No Variations]"
Add component (AddParameter): Name = "Depth"; Value = "800µm"; VariantName = "[No Variations]"
Add component (AddParameter): Name = "Dielectric"; Value = "C0G"; VariantName = "[No Variations]"
Add component (AddParameter): Name = "Dielectric Material"; Value = "Ceramic"; VariantName = "[No Variations]"
Add component (AddParameter): Name = "Dissipation Factor"; Value = "0.1%"; VariantName = "[No Variations]"
Add component (AddParameter): Name = "Export Control Classification Number (ECCN) Code"; Value = "EAR99"; VariantName = "[No Variations]"
Add component (AddParameter): Name = "Harmonized Tariff Schedule (HTS) Code"; Value = "8532.24.00.20"; VariantName = "[No Variations]"
Add component (AddParameter): Name = "Height"; Value = "800µm"; VariantName = "[No Variations]"
Add component (AddParameter): Name = "Introduction Date"; Value = "1997-02-01"; VariantName = "[No Variations]"
Add component (AddParameter): Name = "Lead Free"; Value = "Lead Free"; VariantName = "[No Variations]"
Add component (AddParameter): Name = "Lead Pitch"; Value = "700µm"; VariantName = "[No Variations]"
Add component (AddParameter): Name = "Length"; Value = "1.6mm"; VariantName = "[No Variations]"
Add component (AddParameter): Name = "Lifecycle Status"; Value = "Production"; VariantName = "[No Variations]"
Add component (AddParameter): Name = "Material"; Value = "Ceramic"; VariantName = "[No Variations]"
Add component (AddParameter): Name = "Max Operating Temperature"; Value = "125°C"; VariantName = "[No Variations]"
Add component (AddParameter): Name = "Min Operating Temperature"; Value = "-55°C"; VariantName = "[No Variations]"
Add component (AddParameter): Name = "Mounting Technology"; Value = "Surface Mount"; VariantName = "[No Variations]"
Add component (AddParameter): Name = "Number of Terminals"; Value = "2"; VariantName = "[No Variations]"
Add component (AddParameter): Name = "Packaging"; Value = "Cut Tape"; VariantName = "[No Variations]"
Add component (AddParameter): Name = "Pins"; Value = "2"; VariantName = "[No Variations]"
Add component (AddParameter): Name = "Radiation Hardening"; Value = "No"; VariantName = "[No Variations]"
Add component (AddParameter): Name = "REACH SVHC"; Value = "Yes"; VariantName = "[No Variations]"
Add component (AddParameter): Name = "RoHS"; Value = "Compliant"; VariantName = "[No Variations]"
Add component (AddParameter): Name = "Schedule B"; Value = "8532240020, 8532240020"; VariantName = "[No Variations]"
Add component (AddParameter): Name = "Temperature Coefficient"; Value = "30ppm/°C"; VariantName = "[No Variations]"
Add component (AddParameter): Name = "Termination"; Value = "SMD/SMT"; VariantName = "[No Variations]"
Add component (AddParameter): Name = "Thickness"; Value = "863.6µm"; VariantName = "[No Variations]"
Add component (AddParameter): Name = "Tolerance"; Value = "5%"; VariantName = "[No Variations]"
Add component (AddParameter): Name = "Value"; Value = "100pF"; VariantName = "[No Variations]"
Add component (AddParameter): Name = "Voltage"; Value = "50V"; VariantName = "[No Variations]"
Add component (AddParameter): Name = "Voltage Rating"; Value = "50V"; VariantName = "[No Variations]"
Add component (AddParameter): Name = "Voltage Rating (AC)"; Value = "50V"; VariantName = "[No Variations]"
Add component (AddParameter): Name = "Voltage Rating (DC)"; Value = "50V"; VariantName = "[No Variations]"
Add component (AddParameter): Name = "Width"; Value = "800µm"; VariantName = "[No Variations]"
Added Component: Designator=C9(FP-0603-L_1_6_0_15-W_0_8-MFG)
Add component (AddParameter): Name = "Capacitor Type"; Value = "Ceramic"; VariantName = "[No Variations]"
Add component (AddParameter): Name = "Case/Package"; Value = "0603"; VariantName = "[No Variations]"
Add component (AddParameter): Name = "Dielectric Material"; Value = "Ceramic"; VariantName = "[No Variations]"
Add component (AddParameter): Name = "Height"; Value = "0.8mm"; VariantName = "[No Variations]"
Add component (AddParameter): Name = "JESD-609 Code"; Value = "e3"; VariantName = "[No Variations]"
Add component (AddParameter): Name = "Length"; Value = "1.6mm"; VariantName = "[No Variations]"
Add component (AddParameter): Name = "Max Operating Temperature"; Value = "125°C"; VariantName = "[No Variations]"
Add component (AddParameter): Name = "Min Operating Temperature"; Value = "-55°C"; VariantName = "[No Variations]"
Add component (AddParameter): Name = "Mounting Technology"; Value = "Surface Mount"; VariantName = "[No Variations]"
Add component (AddParameter): Name = "Multilayer"; Value = "Yes"; VariantName = "[No Variations]"
Add component (AddParameter): Name = "Package Shape"; Value = "Rectangular"; VariantName = "[No Variations]"
Add component (AddParameter): Name = "Package Style"; Value = "SMTMeter"; VariantName = "[No Variations]"
Add component (AddParameter): Name = "Packaging"; Value = "Tape and Reel"; VariantName = "[No Variations]"
Add component (AddParameter): Name = "Pins"; Value = "2"; VariantName = "[No Variations]"
Add component (AddParameter): Name = "Rated DC Voltage (URdc)"; Value = "50V"; VariantName = "[No Variations]"
Add component (AddParameter): Name = "Reach SVHC Compliant"; Value = "Yes"; VariantName = "[No Variations]"
Add component (AddParameter): Name = "RoHS Compliant"; Value = "Yes"; VariantName = "[No Variations]"
Add component (AddParameter): Name = "Temperature Characteristics Code"; Value = "X7R"; VariantName = "[No Variations]"
Add component (AddParameter): Name = "Terminal Finish"; Value = "Tin"; VariantName = "[No Variations]"
Add component (AddParameter): Name = "Termination"; Value = "Wraparound"; VariantName = "[No Variations]"
Add component (AddParameter): Name = "Tolerance  (fill in as +-)"; Value = "10%"; VariantName = "[No Variations]"
Add component (AddParameter): Name = "Tolerance (fill in as +-)"; Value = "10%"; VariantName = "[No Variations]"
Add component (AddParameter): Name = "Value"; Value = "1uF"; VariantName = "[No Variations]"
Add component (AddParameter): Name = "Width"; Value = "0.8mm"; VariantName = "[No Variations]"
Added Component: Designator=C10(FP-CGA3E-0_3-0_1-MFG)
Add component (AddParameter): Name = "Capacitor Type"; Value = "Ceramic"; VariantName = "[No Variations]"
Add component (AddParameter): Name = "Case/Package"; Value = "0603"; VariantName = "[No Variations]"
Add component (AddParameter): Name = "Dielectric Material"; Value = "Ceramic"; VariantName = "[No Variations]"
Add component (AddParameter): Name = "Height"; Value = "0.8mm"; VariantName = "[No Variations]"
Add component (AddParameter): Name = "JESD-609 Code"; Value = "e3"; VariantName = "[No Variations]"
Add component (AddParameter): Name = "Length"; Value = "1.6mm"; VariantName = "[No Variations]"
Add component (AddParameter): Name = "Max Operating Temperature"; Value = "125°C"; VariantName = "[No Variations]"
Add component (AddParameter): Name = "Min Operating Temperature"; Value = "-55°C"; VariantName = "[No Variations]"
Add component (AddParameter): Name = "Mounting Technology"; Value = "Surface Mount"; VariantName = "[No Variations]"
Add component (AddParameter): Name = "Multilayer"; Value = "Yes"; VariantName = "[No Variations]"
Add component (AddParameter): Name = "Package Shape"; Value = "Rectangular"; VariantName = "[No Variations]"
Add component (AddParameter): Name = "Package Style"; Value = "SMTMeter"; VariantName = "[No Variations]"
Add component (AddParameter): Name = "Packaging"; Value = "Tape and Reel"; VariantName = "[No Variations]"
Add component (AddParameter): Name = "Pins"; Value = "2"; VariantName = "[No Variations]"
Add component (AddParameter): Name = "Rated DC Voltage (URdc)"; Value = "50V"; VariantName = "[No Variations]"
Add component (AddParameter): Name = "Reach SVHC Compliant"; Value = "Yes"; VariantName = "[No Variations]"
Add component (AddParameter): Name = "Reference Standard"; Value = "AEC-Q200"; VariantName = "[No Variations]"
Add component (AddParameter): Name = "RoHS Compliant"; Value = "Yes"; VariantName = "[No Variations]"
Add component (AddParameter): Name = "Temperature Characteristics Code"; Value = "X7R"; VariantName = "[No Variations]"
Add component (AddParameter): Name = "Terminal Finish"; Value = "Nickel"; VariantName = "[No Variations]"
Add component (AddParameter): Name = "Termination"; Value = "Wraparound"; VariantName = "[No Variations]"
Add component (AddParameter): Name = "Tolerance  (fill in as +-)"; Value = "10%"; VariantName = "[No Variations]"
Add component (AddParameter): Name = "Tolerance (fill in as +-)"; Value = "10%"; VariantName = "[No Variations]"
Add component (AddParameter): Name = "Value"; Value = "100nF"; VariantName = "[No Variations]"
Add component (AddParameter): Name = "Width"; Value = "0.8mm"; VariantName = "[No Variations]"
Added Component: Designator=C11(FP-0603-L_1_6_0_15-W_0_8-MFG)
Add component (AddParameter): Name = "Capacitor Type"; Value = "Ceramic"; VariantName = "[No Variations]"
Add component (AddParameter): Name = "Case/Package"; Value = "0603"; VariantName = "[No Variations]"
Add component (AddParameter): Name = "Dielectric Material"; Value = "Ceramic"; VariantName = "[No Variations]"
Add component (AddParameter): Name = "Height"; Value = "0.8mm"; VariantName = "[No Variations]"
Add component (AddParameter): Name = "JESD-609 Code"; Value = "e3"; VariantName = "[No Variations]"
Add component (AddParameter): Name = "Length"; Value = "1.6mm"; VariantName = "[No Variations]"
Add component (AddParameter): Name = "Max Operating Temperature"; Value = "125°C"; VariantName = "[No Variations]"
Add component (AddParameter): Name = "Min Operating Temperature"; Value = "-55°C"; VariantName = "[No Variations]"
Add component (AddParameter): Name = "Mounting Technology"; Value = "Surface Mount"; VariantName = "[No Variations]"
Add component (AddParameter): Name = "Multilayer"; Value = "Yes"; VariantName = "[No Variations]"
Add component (AddParameter): Name = "Package Shape"; Value = "Rectangular"; VariantName = "[No Variations]"
Add component (AddParameter): Name = "Package Style"; Value = "SMTMeter"; VariantName = "[No Variations]"
Add component (AddParameter): Name = "Packaging"; Value = "Tape and Reel"; VariantName = "[No Variations]"
Add component (AddParameter): Name = "Pins"; Value = "2"; VariantName = "[No Variations]"
Add component (AddParameter): Name = "Rated DC Voltage (URdc)"; Value = "50V"; VariantName = "[No Variations]"
Add component (AddParameter): Name = "Reach SVHC Compliant"; Value = "Yes"; VariantName = "[No Variations]"
Add component (AddParameter): Name = "RoHS Compliant"; Value = "Yes"; VariantName = "[No Variations]"
Add component (AddParameter): Name = "Temperature Characteristics Code"; Value = "X7R"; VariantName = "[No Variations]"
Add component (AddParameter): Name = "Terminal Finish"; Value = "Tin"; VariantName = "[No Variations]"
Add component (AddParameter): Name = "Termination"; Value = "Wraparound"; VariantName = "[No Variations]"
Add component (AddParameter): Name = "Tolerance  (fill in as +-)"; Value = "10%"; VariantName = "[No Variations]"
Add component (AddParameter): Name = "Tolerance (fill in as +-)"; Value = "10%"; VariantName = "[No Variations]"
Add component (AddParameter): Name = "Value"; Value = "1uF"; VariantName = "[No Variations]"
Add component (AddParameter): Name = "Width"; Value = "0.8mm"; VariantName = "[No Variations]"
Added Component: Designator=C12(FP-CGA3E-0_3-0_1-MFG)
Add component (AddParameter): Name = "Capacitor Type"; Value = "Ceramic"; VariantName = "[No Variations]"
Add component (AddParameter): Name = "Case/Package"; Value = "0603"; VariantName = "[No Variations]"
Add component (AddParameter): Name = "Dielectric Material"; Value = "Ceramic"; VariantName = "[No Variations]"
Add component (AddParameter): Name = "Height"; Value = "0.8mm"; VariantName = "[No Variations]"
Add component (AddParameter): Name = "JESD-609 Code"; Value = "e3"; VariantName = "[No Variations]"
Add component (AddParameter): Name = "Length"; Value = "1.6mm"; VariantName = "[No Variations]"
Add component (AddParameter): Name = "Max Operating Temperature"; Value = "125°C"; VariantName = "[No Variations]"
Add component (AddParameter): Name = "Min Operating Temperature"; Value = "-55°C"; VariantName = "[No Variations]"
Add component (AddParameter): Name = "Mounting Technology"; Value = "Surface Mount"; VariantName = "[No Variations]"
Add component (AddParameter): Name = "Multilayer"; Value = "Yes"; VariantName = "[No Variations]"
Add component (AddParameter): Name = "Package Shape"; Value = "Rectangular"; VariantName = "[No Variations]"
Add component (AddParameter): Name = "Package Style"; Value = "SMTMeter"; VariantName = "[No Variations]"
Add component (AddParameter): Name = "Packaging"; Value = "Tape and Reel"; VariantName = "[No Variations]"
Add component (AddParameter): Name = "Pins"; Value = "2"; VariantName = "[No Variations]"
Add component (AddParameter): Name = "Rated DC Voltage (URdc)"; Value = "50V"; VariantName = "[No Variations]"
Add component (AddParameter): Name = "Reach SVHC Compliant"; Value = "Yes"; VariantName = "[No Variations]"
Add component (AddParameter): Name = "Reference Standard"; Value = "AEC-Q200"; VariantName = "[No Variations]"
Add component (AddParameter): Name = "RoHS Compliant"; Value = "Yes"; VariantName = "[No Variations]"
Add component (AddParameter): Name = "Temperature Characteristics Code"; Value = "X7R"; VariantName = "[No Variations]"
Add component (AddParameter): Name = "Terminal Finish"; Value = "Nickel"; VariantName = "[No Variations]"
Add component (AddParameter): Name = "Termination"; Value = "Wraparound"; VariantName = "[No Variations]"
Add component (AddParameter): Name = "Tolerance  (fill in as +-)"; Value = "10%"; VariantName = "[No Variations]"
Add component (AddParameter): Name = "Tolerance (fill in as +-)"; Value = "10%"; VariantName = "[No Variations]"
Add component (AddParameter): Name = "Value"; Value = "100nF"; VariantName = "[No Variations]"
Add component (AddParameter): Name = "Width"; Value = "0.8mm"; VariantName = "[No Variations]"
Added Component: Designator=C13(FP-CGA3E-0_3-0_1-MFG)
Add component (AddParameter): Name = "Capacitor Type"; Value = "Ceramic"; VariantName = "[No Variations]"
Add component (AddParameter): Name = "Case/Package"; Value = "0603"; VariantName = "[No Variations]"
Add component (AddParameter): Name = "Dielectric Material"; Value = "Ceramic"; VariantName = "[No Variations]"
Add component (AddParameter): Name = "Height"; Value = "0.8mm"; VariantName = "[No Variations]"
Add component (AddParameter): Name = "JESD-609 Code"; Value = "e3"; VariantName = "[No Variations]"
Add component (AddParameter): Name = "Length"; Value = "1.6mm"; VariantName = "[No Variations]"
Add component (AddParameter): Name = "Max Operating Temperature"; Value = "125°C"; VariantName = "[No Variations]"
Add component (AddParameter): Name = "Min Operating Temperature"; Value = "-55°C"; VariantName = "[No Variations]"
Add component (AddParameter): Name = "Mounting Technology"; Value = "Surface Mount"; VariantName = "[No Variations]"
Add component (AddParameter): Name = "Multilayer"; Value = "Yes"; VariantName = "[No Variations]"
Add component (AddParameter): Name = "Package Shape"; Value = "Rectangular"; VariantName = "[No Variations]"
Add component (AddParameter): Name = "Package Style"; Value = "SMTMeter"; VariantName = "[No Variations]"
Add component (AddParameter): Name = "Packaging"; Value = "Tape and Reel"; VariantName = "[No Variations]"
Add component (AddParameter): Name = "Pins"; Value = "2"; VariantName = "[No Variations]"
Add component (AddParameter): Name = "Rated DC Voltage (URdc)"; Value = "50V"; VariantName = "[No Variations]"
Add component (AddParameter): Name = "Reach SVHC Compliant"; Value = "Yes"; VariantName = "[No Variations]"
Add component (AddParameter): Name = "Reference Standard"; Value = "AEC-Q200"; VariantName = "[No Variations]"
Add component (AddParameter): Name = "RoHS Compliant"; Value = "Yes"; VariantName = "[No Variations]"
Add component (AddParameter): Name = "Temperature Characteristics Code"; Value = "X7R"; VariantName = "[No Variations]"
Add component (AddParameter): Name = "Terminal Finish"; Value = "Nickel"; VariantName = "[No Variations]"
Add component (AddParameter): Name = "Termination"; Value = "Wraparound"; VariantName = "[No Variations]"
Add component (AddParameter): Name = "Tolerance  (fill in as +-)"; Value = "10%"; VariantName = "[No Variations]"
Add component (AddParameter): Name = "Tolerance (fill in as +-)"; Value = "10%"; VariantName = "[No Variations]"
Add component (AddParameter): Name = "Value"; Value = "100nF"; VariantName = "[No Variations]"
Add component (AddParameter): Name = "Width"; Value = "0.8mm"; VariantName = "[No Variations]"
Added Component: Designator=C14(FP-CGA3E-0_3-0_1-MFG)
Add component (AddParameter): Name = "Capacitor Type"; Value = "Ceramic"; VariantName = "[No Variations]"
Add component (AddParameter): Name = "Case/Package"; Value = "0603"; VariantName = "[No Variations]"
Add component (AddParameter): Name = "Dielectric Material"; Value = "Ceramic"; VariantName = "[No Variations]"
Add component (AddParameter): Name = "Height"; Value = "0.8mm"; VariantName = "[No Variations]"
Add component (AddParameter): Name = "JESD-609 Code"; Value = "e3"; VariantName = "[No Variations]"
Add component (AddParameter): Name = "Length"; Value = "1.6mm"; VariantName = "[No Variations]"
Add component (AddParameter): Name = "Max Operating Temperature"; Value = "125°C"; VariantName = "[No Variations]"
Add component (AddParameter): Name = "Min Operating Temperature"; Value = "-55°C"; VariantName = "[No Variations]"
Add component (AddParameter): Name = "Mounting Technology"; Value = "Surface Mount"; VariantName = "[No Variations]"
Add component (AddParameter): Name = "Multilayer"; Value = "Yes"; VariantName = "[No Variations]"
Add component (AddParameter): Name = "Package Shape"; Value = "Rectangular"; VariantName = "[No Variations]"
Add component (AddParameter): Name = "Package Style"; Value = "SMTMeter"; VariantName = "[No Variations]"
Add component (AddParameter): Name = "Packaging"; Value = "Tape and Reel"; VariantName = "[No Variations]"
Add component (AddParameter): Name = "Pins"; Value = "2"; VariantName = "[No Variations]"
Add component (AddParameter): Name = "Rated DC Voltage (URdc)"; Value = "50V"; VariantName = "[No Variations]"
Add component (AddParameter): Name = "Reach SVHC Compliant"; Value = "Yes"; VariantName = "[No Variations]"
Add component (AddParameter): Name = "Reference Standard"; Value = "AEC-Q200"; VariantName = "[No Variations]"
Add component (AddParameter): Name = "RoHS Compliant"; Value = "Yes"; VariantName = "[No Variations]"
Add component (AddParameter): Name = "Temperature Characteristics Code"; Value = "X7R"; VariantName = "[No Variations]"
Add component (AddParameter): Name = "Terminal Finish"; Value = "Nickel"; VariantName = "[No Variations]"
Add component (AddParameter): Name = "Termination"; Value = "Wraparound"; VariantName = "[No Variations]"
Add component (AddParameter): Name = "Tolerance  (fill in as +-)"; Value = "10%"; VariantName = "[No Variations]"
Add component (AddParameter): Name = "Tolerance (fill in as +-)"; Value = "10%"; VariantName = "[No Variations]"
Add component (AddParameter): Name = "Value"; Value = "100nF"; VariantName = "[No Variations]"
Add component (AddParameter): Name = "Width"; Value = "0.8mm"; VariantName = "[No Variations]"
Added Component: Designator=C15(FP-CGA3E-0_3-0_1-MFG)
Add component (AddParameter): Name = "Capacitor Type"; Value = "Ceramic"; VariantName = "[No Variations]"
Add component (AddParameter): Name = "Case/Package"; Value = "0603"; VariantName = "[No Variations]"
Add component (AddParameter): Name = "Dielectric Material"; Value = "Ceramic"; VariantName = "[No Variations]"
Add component (AddParameter): Name = "Height"; Value = "0.8mm"; VariantName = "[No Variations]"
Add component (AddParameter): Name = "JESD-609 Code"; Value = "e3"; VariantName = "[No Variations]"
Add component (AddParameter): Name = "Length"; Value = "1.6mm"; VariantName = "[No Variations]"
Add component (AddParameter): Name = "Max Operating Temperature"; Value = "125°C"; VariantName = "[No Variations]"
Add component (AddParameter): Name = "Min Operating Temperature"; Value = "-55°C"; VariantName = "[No Variations]"
Add component (AddParameter): Name = "Mounting Technology"; Value = "Surface Mount"; VariantName = "[No Variations]"
Add component (AddParameter): Name = "Multilayer"; Value = "Yes"; VariantName = "[No Variations]"
Add component (AddParameter): Name = "Package Shape"; Value = "Rectangular"; VariantName = "[No Variations]"
Add component (AddParameter): Name = "Package Style"; Value = "SMTMeter"; VariantName = "[No Variations]"
Add component (AddParameter): Name = "Packaging"; Value = "Tape and Reel"; VariantName = "[No Variations]"
Add component (AddParameter): Name = "Pins"; Value = "2"; VariantName = "[No Variations]"
Add component (AddParameter): Name = "Rated DC Voltage (URdc)"; Value = "50V"; VariantName = "[No Variations]"
Add component (AddParameter): Name = "Reach SVHC Compliant"; Value = "Yes"; VariantName = "[No Variations]"
Add component (AddParameter): Name = "Reference Standard"; Value = "AEC-Q200"; VariantName = "[No Variations]"
Add component (AddParameter): Name = "RoHS Compliant"; Value = "Yes"; VariantName = "[No Variations]"
Add component (AddParameter): Name = "Temperature Characteristics Code"; Value = "X7R"; VariantName = "[No Variations]"
Add component (AddParameter): Name = "Terminal Finish"; Value = "Nickel"; VariantName = "[No Variations]"
Add component (AddParameter): Name = "Termination"; Value = "Wraparound"; VariantName = "[No Variations]"
Add component (AddParameter): Name = "Tolerance  (fill in as +-)"; Value = "10%"; VariantName = "[No Variations]"
Add component (AddParameter): Name = "Tolerance (fill in as +-)"; Value = "10%"; VariantName = "[No Variations]"
Add component (AddParameter): Name = "Value"; Value = "100nF"; VariantName = "[No Variations]"
Add component (AddParameter): Name = "Width"; Value = "0.8mm"; VariantName = "[No Variations]"
Added Component: Designator=C16(FP-CGA3E-0_3-0_1-MFG)
Add component (AddParameter): Name = "Capacitor Type"; Value = "Ceramic"; VariantName = "[No Variations]"
Add component (AddParameter): Name = "Case/Package"; Value = "0603"; VariantName = "[No Variations]"
Add component (AddParameter): Name = "Dielectric Material"; Value = "Ceramic"; VariantName = "[No Variations]"
Add component (AddParameter): Name = "Height"; Value = "0.8mm"; VariantName = "[No Variations]"
Add component (AddParameter): Name = "JESD-609 Code"; Value = "e3"; VariantName = "[No Variations]"
Add component (AddParameter): Name = "Length"; Value = "1.6mm"; VariantName = "[No Variations]"
Add component (AddParameter): Name = "Max Operating Temperature"; Value = "125°C"; VariantName = "[No Variations]"
Add component (AddParameter): Name = "Min Operating Temperature"; Value = "-55°C"; VariantName = "[No Variations]"
Add component (AddParameter): Name = "Mounting Technology"; Value = "Surface Mount"; VariantName = "[No Variations]"
Add component (AddParameter): Name = "Multilayer"; Value = "Yes"; VariantName = "[No Variations]"
Add component (AddParameter): Name = "Package Shape"; Value = "Rectangular"; VariantName = "[No Variations]"
Add component (AddParameter): Name = "Package Style"; Value = "SMTMeter"; VariantName = "[No Variations]"
Add component (AddParameter): Name = "Packaging"; Value = "Tape and Reel"; VariantName = "[No Variations]"
Add component (AddParameter): Name = "Pins"; Value = "2"; VariantName = "[No Variations]"
Add component (AddParameter): Name = "Rated DC Voltage (URdc)"; Value = "50V"; VariantName = "[No Variations]"
Add component (AddParameter): Name = "Reach SVHC Compliant"; Value = "Yes"; VariantName = "[No Variations]"
Add component (AddParameter): Name = "Reference Standard"; Value = "AEC-Q200"; VariantName = "[No Variations]"
Add component (AddParameter): Name = "RoHS Compliant"; Value = "Yes"; VariantName = "[No Variations]"
Add component (AddParameter): Name = "Temperature Characteristics Code"; Value = "X7R"; VariantName = "[No Variations]"
Add component (AddParameter): Name = "Terminal Finish"; Value = "Nickel"; VariantName = "[No Variations]"
Add component (AddParameter): Name = "Termination"; Value = "Wraparound"; VariantName = "[No Variations]"
Add component (AddParameter): Name = "Tolerance  (fill in as +-)"; Value = "10%"; VariantName = "[No Variations]"
Add component (AddParameter): Name = "Tolerance (fill in as +-)"; Value = "10%"; VariantName = "[No Variations]"
Add component (AddParameter): Name = "Value"; Value = "100nF"; VariantName = "[No Variations]"
Add component (AddParameter): Name = "Width"; Value = "0.8mm"; VariantName = "[No Variations]"
Added Component: Designator=FB1(FP-BLM18-0_15-t0_8-IPC_B)
Add component (AddParameter): Name = "Case Code (Imperial)"; Value = "0603"; VariantName = "[No Variations]"
Add component (AddParameter): Name = "Case Code (Metric)"; Value = "1608"; VariantName = "[No Variations]"
Add component (AddParameter): Name = "Case/Package"; Value = "0603"; VariantName = "[No Variations]"
Add component (AddParameter): Name = "Clock Frequency"; Value = "100MHz"; VariantName = "[No Variations]"
Add component (AddParameter): Name = "Core Material"; Value = "Ferrite"; VariantName = "[No Variations]"
Add component (AddParameter): Name = "Country of Origin"; Value = "Japan, Thailand"; VariantName = "[No Variations]"
Add component (AddParameter): Name = "Current Rating"; Value = "500mA"; VariantName = "[No Variations]"
Add component (AddParameter): Name = "DC Current"; Value = "500mA"; VariantName = "[No Variations]"
Add component (AddParameter): Name = "DC Resistance (DCR)"; Value = "380mO"; VariantName = "[No Variations]"
Add component (AddParameter): Name = "Depth"; Value = "800µm"; VariantName = "[No Variations]"
Add component (AddParameter): Name = "ESR"; Value = "380mO"; VariantName = "[No Variations]"
Add component (AddParameter): Name = "Export Control Classification Number (ECCN) Code"; Value = "EAR99"; VariantName = "[No Variations]"
Add component (AddParameter): Name = "Frequency"; Value = "100MHz"; VariantName = "[No Variations]"
Add component (AddParameter): Name = "Harmonized Tariff Schedule (HTS) Code"; Value = "8504.50.80.00"; VariantName = "[No Variations]"
Add component (AddParameter): Name = "Height"; Value = "800µm"; VariantName = "[No Variations]"
Add component (AddParameter): Name = "Impedance"; Value = "600O"; VariantName = "[No Variations]"
Add component (AddParameter): Name = "Introduction Date"; Value = "2001-08-28"; VariantName = "[No Variations]"
Add component (AddParameter): Name = "Lead Free"; Value = "Lead Free"; VariantName = "[No Variations]"
Add component (AddParameter): Name = "Length"; Value = "1.6mm"; VariantName = "[No Variations]"
Add component (AddParameter): Name = "Lifecycle Status"; Value = "Production"; VariantName = "[No Variations]"
Add component (AddParameter): Name = "Material"; Value = "Ferrite, Steel"; VariantName = "[No Variations]"
Add component (AddParameter): Name = "Max Current Rating"; Value = "500mA"; VariantName = "[No Variations]"
Add component (AddParameter): Name = "Max DC Current"; Value = "500mA"; VariantName = "[No Variations]"
Add component (AddParameter): Name = "Max Operating Temperature"; Value = "125°C"; VariantName = "[No Variations]"
Add component (AddParameter): Name = "Military Standard"; Value = "Not"; VariantName = "[No Variations]"
Add component (AddParameter): Name = "Min Operating Temperature"; Value = "-55°C"; VariantName = "[No Variations]"
Add component (AddParameter): Name = "Number of Circuits"; Value = "1"; VariantName = "[No Variations]"
Add component (AddParameter): Name = "Number of Lines"; Value = "1"; VariantName = "[No Variations]"
Add component (AddParameter): Name = "Number of Terminals"; Value = "2"; VariantName = "[No Variations]"
Add component (AddParameter): Name = "Packaging"; Value = "Cut Tape"; VariantName = "[No Variations]"
Add component (AddParameter): Name = "Pins"; Value = "2"; VariantName = "[No Variations]"
Add component (AddParameter): Name = "Radiation Hardening"; Value = "No"; VariantName = "[No Variations]"
Add component (AddParameter): Name = "REACH SVHC"; Value = "Yes"; VariantName = "[No Variations]"
Add component (AddParameter): Name = "RMS Current (Irms)"; Value = "500mA"; VariantName = "[No Variations]"
Add component (AddParameter): Name = "RoHS"; Value = "Compliant"; VariantName = "[No Variations]"
Add component (AddParameter): Name = "Schedule B"; Value = "8543706000, 8543706000"; VariantName = "[No Variations]"
Add component (AddParameter): Name = "Shielding"; Value = "Unshielded"; VariantName = "[No Variations]"
Add component (AddParameter): Name = "Termination"; Value = "SMD/SMT"; VariantName = "[No Variations]"
Add component (AddParameter): Name = "Test Frequency"; Value = "100MHz"; VariantName = "[No Variations]"
Add component (AddParameter): Name = "Tolerance"; Value = "25%"; VariantName = "[No Variations]"
Add component (AddParameter): Name = "Value"; Value = "380mO"; VariantName = "[No Variations]"
Add component (AddParameter): Name = "Weight"; Value = "2.012816mg"; VariantName = "[No Variations]"
Add component (AddParameter): Name = "Width"; Value = "800µm"; VariantName = "[No Variations]"
Added Component: Designator=J1(61300811121)
Add component (AddParameter): Name = "Color"; Value = "Black"; VariantName = "[No Variations]"
Add component (AddParameter): Name = "Connector Type"; Value = "Male Pin"; VariantName = "[No Variations]"
Add component (AddParameter): Name = "Contact Material"; Value = "Gold"; VariantName = "[No Variations]"
Add component (AddParameter): Name = "Contact Mating Length"; Value = "5.9944mm"; VariantName = "[No Variations]"
Add component (AddParameter): Name = "Contact Plating"; Value = "Gold"; VariantName = "[No Variations]"
Add component (AddParameter): Name = "Contact Resistance"; Value = "20mO"; VariantName = "[No Variations]"
Add component (AddParameter): Name = "Current Rating"; Value = "3A"; VariantName = "[No Variations]"
Add component (AddParameter): Name = "Gender"; Value = "Male"; VariantName = "[No Variations]"
Add component (AddParameter): Name = "Height"; Value = "8.54mm"; VariantName = "[No Variations]"
Add component (AddParameter): Name = "Lead Pitch"; Value = "2.54mm"; VariantName = "[No Variations]"
Add component (AddParameter): Name = "Max Operating Temperature"; Value = "105°C"; VariantName = "[No Variations]"
Add component (AddParameter): Name = "Min Operating Temperature"; Value = "-40°C"; VariantName = "[No Variations]"
Add component (AddParameter): Name = "Mounting Technology"; Value = "Through Hole"; VariantName = "[No Variations]"
Add component (AddParameter): Name = "Number of Contacts"; Value = "8"; VariantName = "[No Variations]"
Add component (AddParameter): Name = "Number of Positions"; Value = "8"; VariantName = "[No Variations]"
Add component (AddParameter): Name = "Number of Rows"; Value = "1"; VariantName = "[No Variations]"
Add component (AddParameter): Name = "Operating Supply Voltage"; Value = "250V"; VariantName = "[No Variations]"
Add component (AddParameter): Name = "Orientation"; Value = "Vertical"; VariantName = "[No Variations]"
Add component (AddParameter): Name = "Packaging"; Value = "Bulk"; VariantName = "[No Variations]"
Add component (AddParameter): Name = "Pins"; Value = "8"; VariantName = "[No Variations]"
Add component (AddParameter): Name = "Pitch"; Value = "2.54mm"; VariantName = "[No Variations]"
Add component (AddParameter): Name = "RoHS"; Value = "Compliant"; VariantName = "[No Variations]"
Add component (AddParameter): Name = "Termination"; Value = "Solder"; VariantName = "[No Variations]"
Add component (AddParameter): Name = "Voltage Rating"; Value = "250V"; VariantName = "[No Variations]"
Added Component: Designator=J2(142-0761-881-Footprint-1)
Add component (AddParameter): Name = "Body Material"; Value = "Brass"; VariantName = "[No Variations]"
Add component (AddParameter): Name = "Body Plating"; Value = "Gold"; VariantName = "[No Variations]"
Add component (AddParameter): Name = "Case/Package"; Value = "SMA"; VariantName = "[No Variations]"
Add component (AddParameter): Name = "Clock Frequency"; Value = "26.5GHz"; VariantName = "[No Variations]"
Add component (AddParameter): Name = "Connector Type"; Value = "Coaxial, SMA, Socket"; VariantName = "[No Variations]"
Add component (AddParameter): Name = "Contact Gender"; Value = "Female"; VariantName = "[No Variations]"
Add component (AddParameter): Name = "Contact Material"; Value = "Copper"; VariantName = "[No Variations]"
Add component (AddParameter): Name = "Contact Plating"; Value = "Gold"; VariantName = "[No Variations]"
Add component (AddParameter): Name = "Contact Resistance"; Value = "4mO"; VariantName = "[No Variations]"
Add component (AddParameter): Name = "Dielectric Material"; Value = "PTFE"; VariantName = "[No Variations]"
Add component (AddParameter): Name = "Export Control Classification Number (ECCN) Code"; Value = "EAR99"; VariantName = "[No Variations]"
Add component (AddParameter): Name = "Fastening Type"; Value = "Threaded"; VariantName = "[No Variations]"
Add component (AddParameter): Name = "Frequency"; Value = "26.5GHz"; VariantName = "[No Variations]"
Add component (AddParameter): Name = "Gender"; Value = "Female"; VariantName = "[No Variations]"
Add component (AddParameter): Name = "Harmonized Tariff Schedule (HTS) Code"; Value = "8536.69.40.10"; VariantName = "[No Variations]"
Add component (AddParameter): Name = "Housing Color"; Value = "Gold"; VariantName = "[No Variations]"
Add component (AddParameter): Name = "Housing Material"; Value = "Brass"; VariantName = "[No Variations]"
Add component (AddParameter): Name = "Impedance"; Value = "50O"; VariantName = "[No Variations]"
Add component (AddParameter): Name = "Insulation Resistance"; Value = "1GO"; VariantName = "[No Variations]"
Add component (AddParameter): Name = "Introduction Date"; Value = "2005-06-09"; VariantName = "[No Variations]"
Add component (AddParameter): Name = "Lead Free"; Value = "Lead Free"; VariantName = "[No Variations]"
Add component (AddParameter): Name = "Lifecycle Status"; Value = "Production"; VariantName = "[No Variations]"
Add component (AddParameter): Name = "Max Operating Temperature"; Value = "165°C"; VariantName = "[No Variations]"
Add component (AddParameter): Name = "Min Operating Temperature"; Value = "-65°C"; VariantName = "[No Variations]"
Add component (AddParameter): Name = "Mounting Technology"; Value = "Edge, PCB"; VariantName = "[No Variations]"
Add component (AddParameter): Name = "Number of Ports"; Value = "1"; VariantName = "[No Variations]"
Add component (AddParameter): Name = "Orientation"; Value = "Right Angle, Straight"; VariantName = "[No Variations]"
Add component (AddParameter): Name = "Packaging"; Value = "Bulk"; VariantName = "[No Variations]"
Add component (AddParameter): Name = "Pins"; Value = "1"; VariantName = "[No Variations]"
Add component (AddParameter): Name = "Polarity"; Value = "Normal"; VariantName = "[No Variations]"
Add component (AddParameter): Name = "Radiation Hardening"; Value = "No"; VariantName = "[No Variations]"
Add component (AddParameter): Name = "REACH SVHC"; Value = "Yes"; VariantName = "[No Variations]"
Add component (AddParameter): Name = "RoHS"; Value = "Compliant"; VariantName = "[No Variations]"
Add component (AddParameter): Name = "Shell Material"; Value = "Brass"; VariantName = "[No Variations]"
Add component (AddParameter): Name = "Termination"; Value = "Solder"; VariantName = "[No Variations]"
Add component (AddParameter): Name = "Voltage Rating"; Value = "170V"; VariantName = "[No Variations]"
Added Component: Designator=J3(142-0761-881-Footprint-1)
Add component (AddParameter): Name = "Body Material"; Value = "Brass"; VariantName = "[No Variations]"
Add component (AddParameter): Name = "Body Plating"; Value = "Gold"; VariantName = "[No Variations]"
Add component (AddParameter): Name = "Case/Package"; Value = "SMA"; VariantName = "[No Variations]"
Add component (AddParameter): Name = "Clock Frequency"; Value = "26.5GHz"; VariantName = "[No Variations]"
Add component (AddParameter): Name = "Connector Type"; Value = "Coaxial, SMA, Socket"; VariantName = "[No Variations]"
Add component (AddParameter): Name = "Contact Gender"; Value = "Female"; VariantName = "[No Variations]"
Add component (AddParameter): Name = "Contact Material"; Value = "Copper"; VariantName = "[No Variations]"
Add component (AddParameter): Name = "Contact Plating"; Value = "Gold"; VariantName = "[No Variations]"
Add component (AddParameter): Name = "Contact Resistance"; Value = "4mO"; VariantName = "[No Variations]"
Add component (AddParameter): Name = "Dielectric Material"; Value = "PTFE"; VariantName = "[No Variations]"
Add component (AddParameter): Name = "Export Control Classification Number (ECCN) Code"; Value = "EAR99"; VariantName = "[No Variations]"
Add component (AddParameter): Name = "Fastening Type"; Value = "Threaded"; VariantName = "[No Variations]"
Add component (AddParameter): Name = "Frequency"; Value = "26.5GHz"; VariantName = "[No Variations]"
Add component (AddParameter): Name = "Gender"; Value = "Female"; VariantName = "[No Variations]"
Add component (AddParameter): Name = "Harmonized Tariff Schedule (HTS) Code"; Value = "8536.69.40.10"; VariantName = "[No Variations]"
Add component (AddParameter): Name = "Housing Color"; Value = "Gold"; VariantName = "[No Variations]"
Add component (AddParameter): Name = "Housing Material"; Value = "Brass"; VariantName = "[No Variations]"
Add component (AddParameter): Name = "Impedance"; Value = "50O"; VariantName = "[No Variations]"
Add component (AddParameter): Name = "Insulation Resistance"; Value = "1GO"; VariantName = "[No Variations]"
Add component (AddParameter): Name = "Introduction Date"; Value = "2005-06-09"; VariantName = "[No Variations]"
Add component (AddParameter): Name = "Lead Free"; Value = "Lead Free"; VariantName = "[No Variations]"
Add component (AddParameter): Name = "Lifecycle Status"; Value = "Production"; VariantName = "[No Variations]"
Add component (AddParameter): Name = "Max Operating Temperature"; Value = "165°C"; VariantName = "[No Variations]"
Add component (AddParameter): Name = "Min Operating Temperature"; Value = "-65°C"; VariantName = "[No Variations]"
Add component (AddParameter): Name = "Mounting Technology"; Value = "Edge, PCB"; VariantName = "[No Variations]"
Add component (AddParameter): Name = "Number of Ports"; Value = "1"; VariantName = "[No Variations]"
Add component (AddParameter): Name = "Orientation"; Value = "Right Angle, Straight"; VariantName = "[No Variations]"
Add component (AddParameter): Name = "Packaging"; Value = "Bulk"; VariantName = "[No Variations]"
Add component (AddParameter): Name = "Pins"; Value = "1"; VariantName = "[No Variations]"
Add component (AddParameter): Name = "Polarity"; Value = "Normal"; VariantName = "[No Variations]"
Add component (AddParameter): Name = "Radiation Hardening"; Value = "No"; VariantName = "[No Variations]"
Add component (AddParameter): Name = "REACH SVHC"; Value = "Yes"; VariantName = "[No Variations]"
Add component (AddParameter): Name = "RoHS"; Value = "Compliant"; VariantName = "[No Variations]"
Add component (AddParameter): Name = "Shell Material"; Value = "Brass"; VariantName = "[No Variations]"
Add component (AddParameter): Name = "Termination"; Value = "Solder"; VariantName = "[No Variations]"
Add component (AddParameter): Name = "Voltage Rating"; Value = "170V"; VariantName = "[No Variations]"
Added Component: Designator=J4(142-0761-881-Footprint-1)
Add component (AddParameter): Name = "Body Material"; Value = "Brass"; VariantName = "[No Variations]"
Add component (AddParameter): Name = "Body Plating"; Value = "Gold"; VariantName = "[No Variations]"
Add component (AddParameter): Name = "Case/Package"; Value = "SMA"; VariantName = "[No Variations]"
Add component (AddParameter): Name = "Clock Frequency"; Value = "26.5GHz"; VariantName = "[No Variations]"
Add component (AddParameter): Name = "Connector Type"; Value = "Coaxial, SMA, Socket"; VariantName = "[No Variations]"
Add component (AddParameter): Name = "Contact Gender"; Value = "Female"; VariantName = "[No Variations]"
Add component (AddParameter): Name = "Contact Material"; Value = "Copper"; VariantName = "[No Variations]"
Add component (AddParameter): Name = "Contact Plating"; Value = "Gold"; VariantName = "[No Variations]"
Add component (AddParameter): Name = "Contact Resistance"; Value = "4mO"; VariantName = "[No Variations]"
Add component (AddParameter): Name = "Dielectric Material"; Value = "PTFE"; VariantName = "[No Variations]"
Add component (AddParameter): Name = "Export Control Classification Number (ECCN) Code"; Value = "EAR99"; VariantName = "[No Variations]"
Add component (AddParameter): Name = "Fastening Type"; Value = "Threaded"; VariantName = "[No Variations]"
Add component (AddParameter): Name = "Frequency"; Value = "26.5GHz"; VariantName = "[No Variations]"
Add component (AddParameter): Name = "Gender"; Value = "Female"; VariantName = "[No Variations]"
Add component (AddParameter): Name = "Harmonized Tariff Schedule (HTS) Code"; Value = "8536.69.40.10"; VariantName = "[No Variations]"
Add component (AddParameter): Name = "Housing Color"; Value = "Gold"; VariantName = "[No Variations]"
Add component (AddParameter): Name = "Housing Material"; Value = "Brass"; VariantName = "[No Variations]"
Add component (AddParameter): Name = "Impedance"; Value = "50O"; VariantName = "[No Variations]"
Add component (AddParameter): Name = "Insulation Resistance"; Value = "1GO"; VariantName = "[No Variations]"
Add component (AddParameter): Name = "Introduction Date"; Value = "2005-06-09"; VariantName = "[No Variations]"
Add component (AddParameter): Name = "Lead Free"; Value = "Lead Free"; VariantName = "[No Variations]"
Add component (AddParameter): Name = "Lifecycle Status"; Value = "Production"; VariantName = "[No Variations]"
Add component (AddParameter): Name = "Max Operating Temperature"; Value = "165°C"; VariantName = "[No Variations]"
Add component (AddParameter): Name = "Min Operating Temperature"; Value = "-65°C"; VariantName = "[No Variations]"
Add component (AddParameter): Name = "Mounting Technology"; Value = "Edge, PCB"; VariantName = "[No Variations]"
Add component (AddParameter): Name = "Number of Ports"; Value = "1"; VariantName = "[No Variations]"
Add component (AddParameter): Name = "Orientation"; Value = "Right Angle, Straight"; VariantName = "[No Variations]"
Add component (AddParameter): Name = "Packaging"; Value = "Bulk"; VariantName = "[No Variations]"
Add component (AddParameter): Name = "Pins"; Value = "1"; VariantName = "[No Variations]"
Add component (AddParameter): Name = "Polarity"; Value = "Normal"; VariantName = "[No Variations]"
Add component (AddParameter): Name = "Radiation Hardening"; Value = "No"; VariantName = "[No Variations]"
Add component (AddParameter): Name = "REACH SVHC"; Value = "Yes"; VariantName = "[No Variations]"
Add component (AddParameter): Name = "RoHS"; Value = "Compliant"; VariantName = "[No Variations]"
Add component (AddParameter): Name = "Shell Material"; Value = "Brass"; VariantName = "[No Variations]"
Add component (AddParameter): Name = "Termination"; Value = "Solder"; VariantName = "[No Variations]"
Add component (AddParameter): Name = "Voltage Rating"; Value = "170V"; VariantName = "[No Variations]"
Added Component: Designator=J5(142-0761-881-Footprint-1)
Add component (AddParameter): Name = "Body Material"; Value = "Brass"; VariantName = "[No Variations]"
Add component (AddParameter): Name = "Body Plating"; Value = "Gold"; VariantName = "[No Variations]"
Add component (AddParameter): Name = "Case/Package"; Value = "SMA"; VariantName = "[No Variations]"
Add component (AddParameter): Name = "Clock Frequency"; Value = "26.5GHz"; VariantName = "[No Variations]"
Add component (AddParameter): Name = "Connector Type"; Value = "Coaxial, SMA, Socket"; VariantName = "[No Variations]"
Add component (AddParameter): Name = "Contact Gender"; Value = "Female"; VariantName = "[No Variations]"
Add component (AddParameter): Name = "Contact Material"; Value = "Copper"; VariantName = "[No Variations]"
Add component (AddParameter): Name = "Contact Plating"; Value = "Gold"; VariantName = "[No Variations]"
Add component (AddParameter): Name = "Contact Resistance"; Value = "4mO"; VariantName = "[No Variations]"
Add component (AddParameter): Name = "Dielectric Material"; Value = "PTFE"; VariantName = "[No Variations]"
Add component (AddParameter): Name = "Export Control Classification Number (ECCN) Code"; Value = "EAR99"; VariantName = "[No Variations]"
Add component (AddParameter): Name = "Fastening Type"; Value = "Threaded"; VariantName = "[No Variations]"
Add component (AddParameter): Name = "Frequency"; Value = "26.5GHz"; VariantName = "[No Variations]"
Add component (AddParameter): Name = "Gender"; Value = "Female"; VariantName = "[No Variations]"
Add component (AddParameter): Name = "Harmonized Tariff Schedule (HTS) Code"; Value = "8536.69.40.10"; VariantName = "[No Variations]"
Add component (AddParameter): Name = "Housing Color"; Value = "Gold"; VariantName = "[No Variations]"
Add component (AddParameter): Name = "Housing Material"; Value = "Brass"; VariantName = "[No Variations]"
Add component (AddParameter): Name = "Impedance"; Value = "50O"; VariantName = "[No Variations]"
Add component (AddParameter): Name = "Insulation Resistance"; Value = "1GO"; VariantName = "[No Variations]"
Add component (AddParameter): Name = "Introduction Date"; Value = "2005-06-09"; VariantName = "[No Variations]"
Add component (AddParameter): Name = "Lead Free"; Value = "Lead Free"; VariantName = "[No Variations]"
Add component (AddParameter): Name = "Lifecycle Status"; Value = "Production"; VariantName = "[No Variations]"
Add component (AddParameter): Name = "Max Operating Temperature"; Value = "165°C"; VariantName = "[No Variations]"
Add component (AddParameter): Name = "Min Operating Temperature"; Value = "-65°C"; VariantName = "[No Variations]"
Add component (AddParameter): Name = "Mounting Technology"; Value = "Edge, PCB"; VariantName = "[No Variations]"
Add component (AddParameter): Name = "Number of Ports"; Value = "1"; VariantName = "[No Variations]"
Add component (AddParameter): Name = "Orientation"; Value = "Right Angle, Straight"; VariantName = "[No Variations]"
Add component (AddParameter): Name = "Packaging"; Value = "Bulk"; VariantName = "[No Variations]"
Add component (AddParameter): Name = "Pins"; Value = "1"; VariantName = "[No Variations]"
Add component (AddParameter): Name = "Polarity"; Value = "Normal"; VariantName = "[No Variations]"
Add component (AddParameter): Name = "Radiation Hardening"; Value = "No"; VariantName = "[No Variations]"
Add component (AddParameter): Name = "REACH SVHC"; Value = "Yes"; VariantName = "[No Variations]"
Add component (AddParameter): Name = "RoHS"; Value = "Compliant"; VariantName = "[No Variations]"
Add component (AddParameter): Name = "Shell Material"; Value = "Brass"; VariantName = "[No Variations]"
Add component (AddParameter): Name = "Termination"; Value = "Solder"; VariantName = "[No Variations]"
Add component (AddParameter): Name = "Voltage Rating"; Value = "170V"; VariantName = "[No Variations]"
Added Component: Designator=J6(142-0761-881-Footprint-1)
Add component (AddParameter): Name = "Body Material"; Value = "Brass"; VariantName = "[No Variations]"
Add component (AddParameter): Name = "Body Plating"; Value = "Gold"; VariantName = "[No Variations]"
Add component (AddParameter): Name = "Case/Package"; Value = "SMA"; VariantName = "[No Variations]"
Add component (AddParameter): Name = "Clock Frequency"; Value = "26.5GHz"; VariantName = "[No Variations]"
Add component (AddParameter): Name = "Connector Type"; Value = "Coaxial, SMA, Socket"; VariantName = "[No Variations]"
Add component (AddParameter): Name = "Contact Gender"; Value = "Female"; VariantName = "[No Variations]"
Add component (AddParameter): Name = "Contact Material"; Value = "Copper"; VariantName = "[No Variations]"
Add component (AddParameter): Name = "Contact Plating"; Value = "Gold"; VariantName = "[No Variations]"
Add component (AddParameter): Name = "Contact Resistance"; Value = "4mO"; VariantName = "[No Variations]"
Add component (AddParameter): Name = "Dielectric Material"; Value = "PTFE"; VariantName = "[No Variations]"
Add component (AddParameter): Name = "Export Control Classification Number (ECCN) Code"; Value = "EAR99"; VariantName = "[No Variations]"
Add component (AddParameter): Name = "Fastening Type"; Value = "Threaded"; VariantName = "[No Variations]"
Add component (AddParameter): Name = "Frequency"; Value = "26.5GHz"; VariantName = "[No Variations]"
Add component (AddParameter): Name = "Gender"; Value = "Female"; VariantName = "[No Variations]"
Add component (AddParameter): Name = "Harmonized Tariff Schedule (HTS) Code"; Value = "8536.69.40.10"; VariantName = "[No Variations]"
Add component (AddParameter): Name = "Housing Color"; Value = "Gold"; VariantName = "[No Variations]"
Add component (AddParameter): Name = "Housing Material"; Value = "Brass"; VariantName = "[No Variations]"
Add component (AddParameter): Name = "Impedance"; Value = "50O"; VariantName = "[No Variations]"
Add component (AddParameter): Name = "Insulation Resistance"; Value = "1GO"; VariantName = "[No Variations]"
Add component (AddParameter): Name = "Introduction Date"; Value = "2005-06-09"; VariantName = "[No Variations]"
Add component (AddParameter): Name = "Lead Free"; Value = "Lead Free"; VariantName = "[No Variations]"
Add component (AddParameter): Name = "Lifecycle Status"; Value = "Production"; VariantName = "[No Variations]"
Add component (AddParameter): Name = "Max Operating Temperature"; Value = "165°C"; VariantName = "[No Variations]"
Add component (AddParameter): Name = "Min Operating Temperature"; Value = "-65°C"; VariantName = "[No Variations]"
Add component (AddParameter): Name = "Mounting Technology"; Value = "Edge, PCB"; VariantName = "[No Variations]"
Add component (AddParameter): Name = "Number of Ports"; Value = "1"; VariantName = "[No Variations]"
Add component (AddParameter): Name = "Orientation"; Value = "Right Angle, Straight"; VariantName = "[No Variations]"
Add component (AddParameter): Name = "Packaging"; Value = "Bulk"; VariantName = "[No Variations]"
Add component (AddParameter): Name = "Pins"; Value = "1"; VariantName = "[No Variations]"
Add component (AddParameter): Name = "Polarity"; Value = "Normal"; VariantName = "[No Variations]"
Add component (AddParameter): Name = "Radiation Hardening"; Value = "No"; VariantName = "[No Variations]"
Add component (AddParameter): Name = "REACH SVHC"; Value = "Yes"; VariantName = "[No Variations]"
Add component (AddParameter): Name = "RoHS"; Value = "Compliant"; VariantName = "[No Variations]"
Add component (AddParameter): Name = "Shell Material"; Value = "Brass"; VariantName = "[No Variations]"
Add component (AddParameter): Name = "Termination"; Value = "Solder"; VariantName = "[No Variations]"
Add component (AddParameter): Name = "Voltage Rating"; Value = "170V"; VariantName = "[No Variations]"
Added Component: Designator=J7(61300811121)
Add component (AddParameter): Name = "Color"; Value = "Black"; VariantName = "[No Variations]"
Add component (AddParameter): Name = "Connector Type"; Value = "Male Pin"; VariantName = "[No Variations]"
Add component (AddParameter): Name = "Contact Material"; Value = "Gold"; VariantName = "[No Variations]"
Add component (AddParameter): Name = "Contact Mating Length"; Value = "5.9944mm"; VariantName = "[No Variations]"
Add component (AddParameter): Name = "Contact Plating"; Value = "Gold"; VariantName = "[No Variations]"
Add component (AddParameter): Name = "Contact Resistance"; Value = "20mO"; VariantName = "[No Variations]"
Add component (AddParameter): Name = "Current Rating"; Value = "3A"; VariantName = "[No Variations]"
Add component (AddParameter): Name = "Gender"; Value = "Male"; VariantName = "[No Variations]"
Add component (AddParameter): Name = "Height"; Value = "8.54mm"; VariantName = "[No Variations]"
Add component (AddParameter): Name = "Lead Pitch"; Value = "2.54mm"; VariantName = "[No Variations]"
Add component (AddParameter): Name = "Max Operating Temperature"; Value = "105°C"; VariantName = "[No Variations]"
Add component (AddParameter): Name = "Min Operating Temperature"; Value = "-40°C"; VariantName = "[No Variations]"
Add component (AddParameter): Name = "Mounting Technology"; Value = "Through Hole"; VariantName = "[No Variations]"
Add component (AddParameter): Name = "Number of Contacts"; Value = "8"; VariantName = "[No Variations]"
Add component (AddParameter): Name = "Number of Positions"; Value = "8"; VariantName = "[No Variations]"
Add component (AddParameter): Name = "Number of Rows"; Value = "1"; VariantName = "[No Variations]"
Add component (AddParameter): Name = "Operating Supply Voltage"; Value = "250V"; VariantName = "[No Variations]"
Add component (AddParameter): Name = "Orientation"; Value = "Vertical"; VariantName = "[No Variations]"
Add component (AddParameter): Name = "Packaging"; Value = "Bulk"; VariantName = "[No Variations]"
Add component (AddParameter): Name = "Pins"; Value = "8"; VariantName = "[No Variations]"
Add component (AddParameter): Name = "Pitch"; Value = "2.54mm"; VariantName = "[No Variations]"
Add component (AddParameter): Name = "RoHS"; Value = "Compliant"; VariantName = "[No Variations]"
Add component (AddParameter): Name = "Termination"; Value = "Solder"; VariantName = "[No Variations]"
Add component (AddParameter): Name = "Voltage Rating"; Value = "250V"; VariantName = "[No Variations]"
Added Component: Designator=J8(61300611121)
Add component (AddParameter): Name = "Color"; Value = "Black"; VariantName = "[No Variations]"
Add component (AddParameter): Name = "Connector Type"; Value = "Male Pin"; VariantName = "[No Variations]"
Add component (AddParameter): Name = "Contact Gender"; Value = "Male"; VariantName = "[No Variations]"
Add component (AddParameter): Name = "Contact Material"; Value = "Gold"; VariantName = "[No Variations]"
Add component (AddParameter): Name = "Contact Mating Length"; Value = "5.9944mm"; VariantName = "[No Variations]"
Add component (AddParameter): Name = "Contact Plating"; Value = "Gold"; VariantName = "[No Variations]"
Add component (AddParameter): Name = "Contact Resistance"; Value = "20mO"; VariantName = "[No Variations]"
Add component (AddParameter): Name = "Current Rating"; Value = "3A"; VariantName = "[No Variations]"
Add component (AddParameter): Name = "Gender"; Value = "Male"; VariantName = "[No Variations]"
Add component (AddParameter): Name = "Height"; Value = "8.89mm"; VariantName = "[No Variations]"
Add component (AddParameter): Name = "Housing Material"; Value = "PBT"; VariantName = "[No Variations]"
Add component (AddParameter): Name = "Insulation Resistance"; Value = "1GO"; VariantName = "[No Variations]"
Add component (AddParameter): Name = "Lead Free"; Value = "Lead Free"; VariantName = "[No Variations]"
Add component (AddParameter): Name = "Lead Pitch"; Value = "2.54mm"; VariantName = "[No Variations]"
Add component (AddParameter): Name = "Length"; Value = "15.24mm"; VariantName = "[No Variations]"
Add component (AddParameter): Name = "Max Operating Temperature"; Value = "105°C"; VariantName = "[No Variations]"
Add component (AddParameter): Name = "Min Operating Temperature"; Value = "-40°C"; VariantName = "[No Variations]"
Add component (AddParameter): Name = "Mounting Technology"; Value = "Through Hole"; VariantName = "[No Variations]"
Add component (AddParameter): Name = "Number of Contacts"; Value = "6"; VariantName = "[No Variations]"
Add component (AddParameter): Name = "Number of Positions"; Value = "6"; VariantName = "[No Variations]"
Add component (AddParameter): Name = "Number of Rows"; Value = "1"; VariantName = "[No Variations]"
Add component (AddParameter): Name = "Operating Supply Voltage"; Value = "250V"; VariantName = "[No Variations]"
Add component (AddParameter): Name = "Orientation"; Value = "Vertical"; VariantName = "[No Variations]"
Add component (AddParameter): Name = "Packaging"; Value = "Bulk"; VariantName = "[No Variations]"
Add component (AddParameter): Name = "Pins"; Value = "6"; VariantName = "[No Variations]"
Add component (AddParameter): Name = "Pitch"; Value = "2.54mm"; VariantName = "[No Variations]"
Add component (AddParameter): Name = "RoHS"; Value = "Compliant"; VariantName = "[No Variations]"
Add component (AddParameter): Name = "Termination"; Value = "Through Hole"; VariantName = "[No Variations]"
Add component (AddParameter): Name = "Voltage Rating"; Value = "250V"; VariantName = "[No Variations]"
Added Component: Designator=MH1(M3 Plated Mounting Hole-Footprint-1)
Added Component: Designator=MH2(M3 Plated Mounting Hole-Footprint-1)
Added Component: Designator=MH3(M3 Plated Mounting Hole-Footprint-1)
Added Component: Designator=MH4(M3 Plated Mounting Hole-Footprint-1)
Added Component: Designator=R1(FP-RG1608-IPC_C)
Add component (AddParameter): Name = "Case Code (Imperial)"; Value = "0603"; VariantName = "[No Variations]"
Add component (AddParameter): Name = "Case Code (Metric)"; Value = "1608"; VariantName = "[No Variations]"
Add component (AddParameter): Name = "Case/Package"; Value = "0603"; VariantName = "[No Variations]"
Add component (AddParameter): Name = "Composition"; Value = "Thin Film"; VariantName = "[No Variations]"
Add component (AddParameter): Name = "Country of Origin"; Value = "Mainland China, Japan"; VariantName = "[No Variations]"
Add component (AddParameter): Name = "Export Control Classification Number (ECCN) Code"; Value = "EAR99"; VariantName = "[No Variations]"
Add component (AddParameter): Name = "Features"; Value = "Automotive AEC-Q200"; VariantName = "[No Variations]"
Add component (AddParameter): Name = "Harmonized Tariff Schedule (HTS) Code"; Value = "8533.21.00.30"; VariantName = "[No Variations]"
Add component (AddParameter): Name = "Height"; Value = "400µm"; VariantName = "[No Variations]"
Add component (AddParameter): Name = "Introduction Date"; Value = "2006-03-30"; VariantName = "[No Variations]"
Add component (AddParameter): Name = "Lead Free"; Value = "Lead Free"; VariantName = "[No Variations]"
Add component (AddParameter): Name = "Length"; Value = "1.6mm"; VariantName = "[No Variations]"
Add component (AddParameter): Name = "Lifecycle Status"; Value = "Production"; VariantName = "[No Variations]"
Add component (AddParameter): Name = "Max Operating Temperature"; Value = "155°C"; VariantName = "[No Variations]"
Add component (AddParameter): Name = "Max Power Dissipation"; Value = "100mW"; VariantName = "[No Variations]"
Add component (AddParameter): Name = "Min Operating Temperature"; Value = "-55°C"; VariantName = "[No Variations]"
Add component (AddParameter): Name = "Mounting Technology"; Value = "Surface Mount"; VariantName = "[No Variations]"
Add component (AddParameter): Name = "Number of Terminals"; Value = "2"; VariantName = "[No Variations]"
Add component (AddParameter): Name = "Number of Terminations"; Value = "2"; VariantName = "[No Variations]"
Add component (AddParameter): Name = "Power Dissipation"; Value = "100mW"; VariantName = "[No Variations]"
Add component (AddParameter): Name = "Power Rating"; Value = "100mW"; VariantName = "[No Variations]"
Add component (AddParameter): Name = "REACH SVHC"; Value = "Yes"; VariantName = "[No Variations]"
Add component (AddParameter): Name = "RoHS"; Value = "Compliant"; VariantName = "[No Variations]"
Add component (AddParameter): Name = "Schedule B"; Value = "8533210045"; VariantName = "[No Variations]"
Add component (AddParameter): Name = "Temperature Coefficient"; Value = "25ppm/°C"; VariantName = "[No Variations]"
Add component (AddParameter): Name = "Termination"; Value = "SMD/SMT"; VariantName = "[No Variations]"
Add component (AddParameter): Name = "Tolerance"; Value = "0.1%"; VariantName = "[No Variations]"
Add component (AddParameter): Name = "Value"; Value = "200kO"; VariantName = "[No Variations]"
Add component (AddParameter): Name = "Voltage Rating"; Value = "100V"; VariantName = "[No Variations]"
Add component (AddParameter): Name = "Voltage Rating (DC)"; Value = "75V"; VariantName = "[No Variations]"
Add component (AddParameter): Name = "Weight"; Value = "2.012816mg"; VariantName = "[No Variations]"
Add component (AddParameter): Name = "Width"; Value = "800µm"; VariantName = "[No Variations]"
Add component (AddParameter): Name = "Working Voltage"; Value = "100V"; VariantName = "[No Variations]"
Added Component: Designator=R2(CAY16-22R0F4LF-Footprint-1)
Add component (AddParameter): Name = "Case Code (Imperial)"; Value = "1206"; VariantName = "[No Variations]"
Add component (AddParameter): Name = "Case Code (Metric)"; Value = "3216"; VariantName = "[No Variations]"
Add component (AddParameter): Name = "Case/Package"; Value = "1206"; VariantName = "[No Variations]"
Add component (AddParameter): Name = "China RoHS"; Value = "Non-Compliant"; VariantName = "[No Variations]"
Add component (AddParameter): Name = "Circuit Type"; Value = "Isolated"; VariantName = "[No Variations]"
Add component (AddParameter): Name = "Contact Plating"; Value = "Tin"; VariantName = "[No Variations]"
Add component (AddParameter): Name = "Depth"; Value = "1.6mm"; VariantName = "[No Variations]"
Add component (AddParameter): Name = "Export Control Classification Number (ECCN) Code"; Value = "EAR99"; VariantName = "[No Variations]"
Add component (AddParameter): Name = "Height"; Value = "500µm"; VariantName = "[No Variations]"
Add component (AddParameter): Name = "Introduction Date"; Value = "2003-04-07"; VariantName = "[No Variations]"
Add component (AddParameter): Name = "Lead Pitch"; Value = "800µm"; VariantName = "[No Variations]"
Add component (AddParameter): Name = "Length"; Value = "3.2mm"; VariantName = "[No Variations]"
Add component (AddParameter): Name = "Lifecycle Status"; Value = "Production"; VariantName = "[No Variations]"
Add component (AddParameter): Name = "Max Operating Temperature"; Value = "125°C"; VariantName = "[No Variations]"
Add component (AddParameter): Name = "Military Standard"; Value = "Not"; VariantName = "[No Variations]"
Add component (AddParameter): Name = "Min Operating Temperature"; Value = "-55°C"; VariantName = "[No Variations]"
Add component (AddParameter): Name = "Mounting Technology"; Value = "Surface Mount"; VariantName = "[No Variations]"
Add component (AddParameter): Name = "Number of Circuits"; Value = "4"; VariantName = "[No Variations]"
Add component (AddParameter): Name = "Number of Elements"; Value = "1"; VariantName = "[No Variations]"
Add component (AddParameter): Name = "Number of Resistors"; Value = "4"; VariantName = "[No Variations]"
Add component (AddParameter): Name = "Number of Terminals"; Value = "8"; VariantName = "[No Variations]"
Add component (AddParameter): Name = "Pins"; Value = "8"; VariantName = "[No Variations]"
Add component (AddParameter): Name = "Power Dissipation"; Value = "250mW"; VariantName = "[No Variations]"
Add component (AddParameter): Name = "Power Per Element"; Value = "62.5mW"; VariantName = "[No Variations]"
Add component (AddParameter): Name = "REACH SVHC"; Value = "Yes"; VariantName = "[No Variations]"
Add component (AddParameter): Name = "RoHS"; Value = "Compliant"; VariantName = "[No Variations]"
Add component (AddParameter): Name = "Schedule B"; Value = "8533210025, 8533210025"; VariantName = "[No Variations]"
Add component (AddParameter): Name = "Temperature Coefficient"; Value = "200ppm/°C"; VariantName = "[No Variations]"
Add component (AddParameter): Name = "Terminal Pitch"; Value = "800µm"; VariantName = "[No Variations]"
Add component (AddParameter): Name = "Termination"; Value = "Convex"; VariantName = "[No Variations]"
Add component (AddParameter): Name = "Tolerance"; Value = "1%"; VariantName = "[No Variations]"
Add component (AddParameter): Name = "Value"; Value = "22O"; VariantName = "[No Variations]"
Add component (AddParameter): Name = "Voltage Rating (DC)"; Value = "50V"; VariantName = "[No Variations]"
Add component (AddParameter): Name = "Width"; Value = "1.6mm"; VariantName = "[No Variations]"
Add component (AddParameter): Name = "Working Voltage"; Value = "50V"; VariantName = "[No Variations]"
Added Component: Designator=R3(FP-RC0603-0_55-IPC_C)
Add component (AddParameter): Name = "Additional Feature"; Value = "LASER TRIMMABLE"; VariantName = "[No Variations]"
Add component (AddParameter): Name = "Case/Package"; Value = "0603"; VariantName = "[No Variations]"
Add component (AddParameter): Name = "Construction"; Value = "Chip"; VariantName = "[No Variations]"
Add component (AddParameter): Name = "JESD-609 Code"; Value = "e3"; VariantName = "[No Variations]"
Add component (AddParameter): Name = "Max Operating Temperature"; Value = "155°C"; VariantName = "[No Variations]"
Add component (AddParameter): Name = "Min Operating Temperature"; Value = "-55°C"; VariantName = "[No Variations]"
Add component (AddParameter): Name = "Mounting Technology"; Value = "Surface Mount"; VariantName = "[No Variations]"
Add component (AddParameter): Name = "Package Height"; Value = "0.45mm"; VariantName = "[No Variations]"
Add component (AddParameter): Name = "Package Length"; Value = "1.6mm"; VariantName = "[No Variations]"
Add component (AddParameter): Name = "Package Shape"; Value = "Rectangular"; VariantName = "[No Variations]"
Add component (AddParameter): Name = "Package Width"; Value = "0.8mm"; VariantName = "[No Variations]"
Add component (AddParameter): Name = "Packaging"; Value = "Tape and Reel"; VariantName = "[No Variations]"
Add component (AddParameter): Name = "Pins"; Value = "2"; VariantName = "[No Variations]"
Add component (AddParameter): Name = "Power"; Value = "100mW"; VariantName = "[No Variations]"
Add component (AddParameter): Name = "Rated Temperature"; Value = "70°C"; VariantName = "[No Variations]"
Add component (AddParameter): Name = "Reach SVHC Compliant"; Value = "Yes"; VariantName = "[No Variations]"
Add component (AddParameter): Name = "Resistor Type"; Value = "FIXED RESISTOR"; VariantName = "[No Variations]"
Add component (AddParameter): Name = "RoHS Compliant"; Value = "Yes"; VariantName = "[No Variations]"
Add component (AddParameter): Name = "Technology"; Value = "METAL GLAZE/THICK FILM"; VariantName = "[No Variations]"
Add component (AddParameter): Name = "Temperature Coefficient (ppm/Cel)"; Value = "100"; VariantName = "[No Variations]"
Add component (AddParameter): Name = "Terminal Finish"; Value = "Nickel"; VariantName = "[No Variations]"
Add component (AddParameter): Name = "Termination"; Value = "Wraparound"; VariantName = "[No Variations]"
Add component (AddParameter): Name = "Tolerance"; Value = "1%"; VariantName = "[No Variations]"
Add component (AddParameter): Name = "Value"; Value = "10kR"; VariantName = "[No Variations]"
Add component (AddParameter): Name = "Working Voltage"; Value = "75V"; VariantName = "[No Variations]"
Added Component: Designator=U1(FP-CC-48-2-MFG)
Add component (AddParameter): Name = "Bandwidth"; Value = "800MHz"; VariantName = "[No Variations]"
Add component (AddParameter): Name = "Clock Frequency"; Value = "40GHz"; VariantName = "[No Variations]"
Add component (AddParameter): Name = "Gain"; Value = "21dB"; VariantName = "[No Variations]"
Add component (AddParameter): Name = "Height"; Value = "780µm"; VariantName = "[No Variations]"
Add component (AddParameter): Name = "Lifecycle Status"; Value = "Production"; VariantName = "[No Variations]"
Add component (AddParameter): Name = "Manufacturer Lifecycle Status"; Value = "PRODUCTION"; VariantName = "[No Variations]"
Add component (AddParameter): Name = "Max Junction Temperature (Tj)"; Value = "135°C"; VariantName = "[No Variations]"
Add component (AddParameter): Name = "Max Operating Temperature"; Value = "85°C"; VariantName = "[No Variations]"
Add component (AddParameter): Name = "Max Supply Voltage"; Value = "2.75V"; VariantName = "[No Variations]"
Add component (AddParameter): Name = "Min Operating Temperature"; Value = "-40°C"; VariantName = "[No Variations]"
Add component (AddParameter): Name = "Min Supply Voltage"; Value = "1.6V"; VariantName = "[No Variations]"
Add component (AddParameter): Name = "Noise Figure"; Value = "11dB"; VariantName = "[No Variations]"
Add component (AddParameter): Name = "Pins"; Value = "48"; VariantName = "[No Variations]"
Add component (AddParameter): Name = "RoHS"; Value = "Compliant"; VariantName = "[No Variations]"
Add component (AddParameter): Name = "Schedule B"; Value = "8542390000, 8542390000"; VariantName = "[No Variations]"
Added Component: Designator=U2(MTY2-243+-Footprint-1)
Add component (AddParameter): Name = "Clock Frequency"; Value = "24GHz"; VariantName = "[No Variations]"
Add component (AddParameter): Name = "Export Control Classification Number (ECCN) Code"; Value = "EAR99"; VariantName = "[No Variations]"
Add component (AddParameter): Name = "Height"; Value = "1mm"; VariantName = "[No Variations]"
Add component (AddParameter): Name = "Insertion Loss (dB)"; Value = "2.2dB"; VariantName = "[No Variations]"
Add component (AddParameter): Name = "Introduction Date"; Value = "2019-12-24"; VariantName = "[No Variations]"
Add component (AddParameter): Name = "Length"; Value = "2mm"; VariantName = "[No Variations]"
Add component (AddParameter): Name = "Lifecycle Status"; Value = "Production"; VariantName = "[No Variations]"
Add component (AddParameter): Name = "Max Operating Temperature"; Value = "85°C"; VariantName = "[No Variations]"
Add component (AddParameter): Name = "Min Operating Temperature"; Value = "-40°C"; VariantName = "[No Variations]"
Add component (AddParameter): Name = "Mounting Technology"; Value = "Surface Mount"; VariantName = "[No Variations]"
Add component (AddParameter): Name = "RoHS"; Value = "Compliant"; VariantName = "[No Variations]"
Add component (AddParameter): Name = "Width"; Value = "2mm"; VariantName = "[No Variations]"
Added Component: Designator=U3(MTY2-243+-Footprint-1)
Add component (AddParameter): Name = "Clock Frequency"; Value = "24GHz"; VariantName = "[No Variations]"
Add component (AddParameter): Name = "Export Control Classification Number (ECCN) Code"; Value = "EAR99"; VariantName = "[No Variations]"
Add component (AddParameter): Name = "Height"; Value = "1mm"; VariantName = "[No Variations]"
Add component (AddParameter): Name = "Insertion Loss (dB)"; Value = "2.2dB"; VariantName = "[No Variations]"
Add component (AddParameter): Name = "Introduction Date"; Value = "2019-12-24"; VariantName = "[No Variations]"
Add component (AddParameter): Name = "Length"; Value = "2mm"; VariantName = "[No Variations]"
Add component (AddParameter): Name = "Lifecycle Status"; Value = "Production"; VariantName = "[No Variations]"
Add component (AddParameter): Name = "Max Operating Temperature"; Value = "85°C"; VariantName = "[No Variations]"
Add component (AddParameter): Name = "Min Operating Temperature"; Value = "-40°C"; VariantName = "[No Variations]"
Add component (AddParameter): Name = "Mounting Technology"; Value = "Surface Mount"; VariantName = "[No Variations]"
Add component (AddParameter): Name = "RoHS"; Value = "Compliant"; VariantName = "[No Variations]"
Add component (AddParameter): Name = "Width"; Value = "2mm"; VariantName = "[No Variations]"
Added Component: Designator=U4(MTY2-243+-Footprint-1)
Add component (AddParameter): Name = "Clock Frequency"; Value = "24GHz"; VariantName = "[No Variations]"
Add component (AddParameter): Name = "Export Control Classification Number (ECCN) Code"; Value = "EAR99"; VariantName = "[No Variations]"
Add component (AddParameter): Name = "Height"; Value = "1mm"; VariantName = "[No Variations]"
Add component (AddParameter): Name = "Insertion Loss (dB)"; Value = "2.2dB"; VariantName = "[No Variations]"
Add component (AddParameter): Name = "Introduction Date"; Value = "2019-12-24"; VariantName = "[No Variations]"
Add component (AddParameter): Name = "Length"; Value = "2mm"; VariantName = "[No Variations]"
Add component (AddParameter): Name = "Lifecycle Status"; Value = "Production"; VariantName = "[No Variations]"
Add component (AddParameter): Name = "Max Operating Temperature"; Value = "85°C"; VariantName = "[No Variations]"
Add component (AddParameter): Name = "Min Operating Temperature"; Value = "-40°C"; VariantName = "[No Variations]"
Add component (AddParameter): Name = "Mounting Technology"; Value = "Surface Mount"; VariantName = "[No Variations]"
Add component (AddParameter): Name = "RoHS"; Value = "Compliant"; VariantName = "[No Variations]"
Add component (AddParameter): Name = "Width"; Value = "2mm"; VariantName = "[No Variations]"
Added Component: Designator=U5(MTY2-243+-Footprint-1)
Add component (AddParameter): Name = "Clock Frequency"; Value = "24GHz"; VariantName = "[No Variations]"
Add component (AddParameter): Name = "Export Control Classification Number (ECCN) Code"; Value = "EAR99"; VariantName = "[No Variations]"
Add component (AddParameter): Name = "Height"; Value = "1mm"; VariantName = "[No Variations]"
Add component (AddParameter): Name = "Insertion Loss (dB)"; Value = "2.2dB"; VariantName = "[No Variations]"
Add component (AddParameter): Name = "Introduction Date"; Value = "2019-12-24"; VariantName = "[No Variations]"
Add component (AddParameter): Name = "Length"; Value = "2mm"; VariantName = "[No Variations]"
Add component (AddParameter): Name = "Lifecycle Status"; Value = "Production"; VariantName = "[No Variations]"
Add component (AddParameter): Name = "Max Operating Temperature"; Value = "85°C"; VariantName = "[No Variations]"
Add component (AddParameter): Name = "Min Operating Temperature"; Value = "-40°C"; VariantName = "[No Variations]"
Add component (AddParameter): Name = "Mounting Technology"; Value = "Surface Mount"; VariantName = "[No Variations]"
Add component (AddParameter): Name = "RoHS"; Value = "Compliant"; VariantName = "[No Variations]"
Add component (AddParameter): Name = "Width"; Value = "2mm"; VariantName = "[No Variations]"
Added Component: Designator=U6(SN74LVC8T245DGVR-Footprint-1)
Add component (AddParameter): Name = "Case/Package"; Value = "TFSOP"; VariantName = "[No Variations]"
Add component (AddParameter): Name = "Contact Plating"; Value = "Gold"; VariantName = "[No Variations]"
Add component (AddParameter): Name = "Data Rate"; Value = "500Mbps"; VariantName = "[No Variations]"
Add component (AddParameter): Name = "Direction"; Value = "Bidirectional"; VariantName = "[No Variations]"
Add component (AddParameter): Name = "Height"; Value = "1.2mm"; VariantName = "[No Variations]"
Add component (AddParameter): Name = "High Level Output Current"; Value = "-32mA"; VariantName = "[No Variations]"
Add component (AddParameter): Name = "Lead Free"; Value = "Lead Free"; VariantName = "[No Variations]"
Add component (AddParameter): Name = "Length"; Value = "5mm"; VariantName = "[No Variations]"
Add component (AddParameter): Name = "Lifecycle Status"; Value = "Production"; VariantName = "[No Variations]"
Add component (AddParameter): Name = "Logic Function"; Value = "Transceiver, Translator"; VariantName = "[No Variations]"
Add component (AddParameter): Name = "Low Level Output Current"; Value = "32mA"; VariantName = "[No Variations]"
Add component (AddParameter): Name = "Manufacturer Lifecycle Status"; Value = "ACTIVE"; VariantName = "[No Variations]"
Add component (AddParameter): Name = "Max Operating Temperature"; Value = "85°C"; VariantName = "[No Variations]"
Add component (AddParameter): Name = "Max Supply Voltage"; Value = "5.5V"; VariantName = "[No Variations]"
Add component (AddParameter): Name = "Min Operating Temperature"; Value = "-40°C"; VariantName = "[No Variations]"
Add component (AddParameter): Name = "Min Supply Voltage"; Value = "1.65V"; VariantName = "[No Variations]"
Add component (AddParameter): Name = "Mounting Technology"; Value = "Surface Mount"; VariantName = "[No Variations]"
Add component (AddParameter): Name = "Number of Bits"; Value = "8"; VariantName = "[No Variations]"
Add component (AddParameter): Name = "Number of Channels"; Value = "8"; VariantName = "[No Variations]"
Add component (AddParameter): Name = "Number of Circuits"; Value = "1"; VariantName = "[No Variations]"
Add component (AddParameter): Name = "Number of Elements"; Value = "1"; VariantName = "[No Variations]"
Add component (AddParameter): Name = "Number of Inputs"; Value = "8"; VariantName = "[No Variations]"
Add component (AddParameter): Name = "Number of Outputs"; Value = "8"; VariantName = "[No Variations]"
Add component (AddParameter): Name = "Number of Transceivers"; Value = "8"; VariantName = "[No Variations]"
Add component (AddParameter): Name = "Operating Supply Voltage"; Value = "3.3V"; VariantName = "[No Variations]"
Add component (AddParameter): Name = "Packaging"; Value = "Cut Tape"; VariantName = "[No Variations]"
Add component (AddParameter): Name = "Pins"; Value = "24"; VariantName = "[No Variations]"
Add component (AddParameter): Name = "Polarity"; Value = "Non-Inverting"; VariantName = "[No Variations]"
Add component (AddParameter): Name = "Propagation Delay"; Value = "4.2ns"; VariantName = "[No Variations]"
Add component (AddParameter): Name = "Quiescent Current"; Value = "15µA"; VariantName = "[No Variations]"
Add component (AddParameter): Name = "Radiation Hardening"; Value = "No"; VariantName = "[No Variations]"
Add component (AddParameter): Name = "REACH SVHC"; Value = "No"; VariantName = "[No Variations]"
Add component (AddParameter): Name = "RoHS"; Value = "Compliant"; VariantName = "[No Variations]"
Add component (AddParameter): Name = "Schedule B"; Value = "8542390000"; VariantName = "[No Variations]"
Add component (AddParameter): Name = "Termination"; Value = "SMD/SMT"; VariantName = "[No Variations]"
Add component (AddParameter): Name = "Thickness"; Value = "1.05mm"; VariantName = "[No Variations]"
Add component (AddParameter): Name = "Topology"; Value = "Push-Pull"; VariantName = "[No Variations]"
Add component (AddParameter): Name = "Turn-On Delay Time"; Value = "32.2ns"; VariantName = "[No Variations]"
Add component (AddParameter): Name = "Weight"; Value = "60.894776mg"; VariantName = "[No Variations]"
Add component (AddParameter): Name = "Width"; Value = "4.4mm"; VariantName = "[No Variations]"
Added Component: Designator=U7(74AXP2T45DCH-Footprint-1)
Add component (AddParameter): Name = "China RoHS"; Value = "Compliant"; VariantName = "[No Variations]"
Add component (AddParameter): Name = "Clock Edge Trigger Type"; Value = "Positive Edge"; VariantName = "[No Variations]"
Add component (AddParameter): Name = "Direction"; Value = "Bidirectional"; VariantName = "[No Variations]"
Add component (AddParameter): Name = "Harmonized Tariff Schedule (HTS) Code"; Value = "8542.39.00.60"; VariantName = "[No Variations]"
Add component (AddParameter): Name = "Height - Seated (Max)"; Value = "1mm"; VariantName = "[No Variations]"
Add component (AddParameter): Name = "Introduction Date"; Value = "2024-07-25"; VariantName = "[No Variations]"
Add component (AddParameter): Name = "Length"; Value = "2.3mm"; VariantName = "[No Variations]"
Add component (AddParameter): Name = "Lifecycle Status"; Value = "Production"; VariantName = "[No Variations]"
Add component (AddParameter): Name = "Load Capacitance"; Value = "5pF"; VariantName = "[No Variations]"
Add component (AddParameter): Name = "Low Level Output Current"; Value = "12mA"; VariantName = "[No Variations]"
Add component (AddParameter): Name = "Manufacturer Lifecycle Status"; Value = "RELEASED FOR SUPPLY"; VariantName = "[No Variations]"
Add component (AddParameter): Name = "Max Operating Temperature"; Value = "125°C"; VariantName = "[No Variations]"
Add component (AddParameter): Name = "Max Supply Current"; Value = "13µA"; VariantName = "[No Variations]"
Add component (AddParameter): Name = "Max Supply Voltage"; Value = "5.5V"; VariantName = "[No Variations]"
Add component (AddParameter): Name = "Min Operating Temperature"; Value = "-40°C"; VariantName = "[No Variations]"
Add component (AddParameter): Name = "Min Supply Voltage"; Value = "900mV"; VariantName = "[No Variations]"
Add component (AddParameter): Name = "Number of Bits"; Value = "2"; VariantName = "[No Variations]"
Add component (AddParameter): Name = "Number of Channels"; Value = "1"; VariantName = "[No Variations]"
Add component (AddParameter): Name = "Number of Circuits"; Value = "1"; VariantName = "[No Variations]"
Add component (AddParameter): Name = "Number of Ports"; Value = "2"; VariantName = "[No Variations]"
Add component (AddParameter): Name = "Number of Terminals"; Value = "8"; VariantName = "[No Variations]"
Add component (AddParameter): Name = "Operating Supply Voltage"; Value = "1.2V"; VariantName = "[No Variations]"
Add component (AddParameter): Name = "Propagation Delay"; Value = "16.5ns"; VariantName = "[No Variations]"
Add component (AddParameter): Name = "REACH SVHC"; Value = "Yes"; VariantName = "[No Variations]"
Add component (AddParameter): Name = "RoHS"; Value = "Compliant"; VariantName = "[No Variations]"
Add component (AddParameter): Name = "Terminal Pitch"; Value = "500µm"; VariantName = "[No Variations]"
Add component (AddParameter): Name = "Width"; Value = "2mm"; VariantName = "[No Variations]"
Added Pin To Net: NetName=+1.8 Pin=C11-2
Added Pin To Net: NetName=+1.8 Pin=C12-1
Added Pin To Net: NetName=+1.8 Pin=C14-1
Added Pin To Net: NetName=+1.8 Pin=C16-1
Added Pin To Net: NetName=+1.8 Pin=J8-3
Added Pin To Net: NetName=+1.8 Pin=R1-1
Added Pin To Net: NetName=+1.8 Pin=U6-23
Added Pin To Net: NetName=+1.8 Pin=U6-24
Added Pin To Net: NetName=+1.8 Pin=U7-8
Added Net: Name=+1.8
Added Pin To Net: NetName=+2.5 Pin=C2-2
Added Pin To Net: NetName=+2.5 Pin=C3-1
Added Pin To Net: NetName=+2.5 Pin=C4-1
Added Pin To Net: NetName=+2.5 Pin=C5-1
Added Pin To Net: NetName=+2.5 Pin=C6-1
Added Pin To Net: NetName=+2.5 Pin=C7-1
Added Pin To Net: NetName=+2.5 Pin=C8-1
Added Pin To Net: NetName=+2.5 Pin=C9-2
Added Pin To Net: NetName=+2.5 Pin=C10-1
Added Pin To Net: NetName=+2.5 Pin=FB1-1
Added Pin To Net: NetName=+2.5 Pin=U1-1
Added Pin To Net: NetName=+2.5 Pin=U1-13
Added Pin To Net: NetName=+2.5 Pin=U1-38
Added Net: Name=+2.5
Added Pin To Net: NetName=+2.5_IN Pin=FB1-2
Added Pin To Net: NetName=+2.5_IN Pin=J8-1
Added Pin To Net: NetName=+2.5_IN Pin=J8-2
Added Net: Name=+2.5_IN
Added Pin To Net: NetName=CS Pin=R2-1
Added Pin To Net: NetName=CS Pin=U6-21
Added Net: Name=CS
Added Pin To Net: NetName=CS_MCU Pin=J1-1
Added Pin To Net: NetName=CS_MCU Pin=U6-3
Added Net: Name=CS_MCU
Added Pin To Net: NetName=GND Pin=C1-1
Added Pin To Net: NetName=GND Pin=C2-1
Added Pin To Net: NetName=GND Pin=C3-2
Added Pin To Net: NetName=GND Pin=C4-2
Added Pin To Net: NetName=GND Pin=C5-2
Added Pin To Net: NetName=GND Pin=C6-2
Added Pin To Net: NetName=GND Pin=C7-2
Added Pin To Net: NetName=GND Pin=C8-2
Added Pin To Net: NetName=GND Pin=C9-1
Added Pin To Net: NetName=GND Pin=C10-2
Added Pin To Net: NetName=GND Pin=C11-1
Added Pin To Net: NetName=GND Pin=C12-2
Added Pin To Net: NetName=GND Pin=C13-2
Added Pin To Net: NetName=GND Pin=C14-2
Added Pin To Net: NetName=GND Pin=C15-2
Added Pin To Net: NetName=GND Pin=C16-2
Added Pin To Net: NetName=GND Pin=J2-2
Added Pin To Net: NetName=GND Pin=J2-2
Added Pin To Net: NetName=GND Pin=J2-2
Added Pin To Net: NetName=GND Pin=J2-2
Added Pin To Net: NetName=GND Pin=J2-2
Added Pin To Net: NetName=GND Pin=J2-2
Added Pin To Net: NetName=GND Pin=J2-2
Added Pin To Net: NetName=GND Pin=J2-2
Added Pin To Net: NetName=GND Pin=J2-2
Added Pin To Net: NetName=GND Pin=J2-2
Added Pin To Net: NetName=GND Pin=J3-2
Added Pin To Net: NetName=GND Pin=J3-2
Added Pin To Net: NetName=GND Pin=J3-2
Added Pin To Net: NetName=GND Pin=J3-2
Added Pin To Net: NetName=GND Pin=J3-2
Added Pin To Net: NetName=GND Pin=J3-2
Added Pin To Net: NetName=GND Pin=J3-2
Added Pin To Net: NetName=GND Pin=J3-2
Added Pin To Net: NetName=GND Pin=J3-2
Added Pin To Net: NetName=GND Pin=J3-2
Added Pin To Net: NetName=GND Pin=J4-2
Added Pin To Net: NetName=GND Pin=J4-2
Added Pin To Net: NetName=GND Pin=J4-2
Added Pin To Net: NetName=GND Pin=J4-2
Added Pin To Net: NetName=GND Pin=J4-2
Added Pin To Net: NetName=GND Pin=J4-2
Added Pin To Net: NetName=GND Pin=J4-2
Added Pin To Net: NetName=GND Pin=J4-2
Added Pin To Net: NetName=GND Pin=J4-2
Added Pin To Net: NetName=GND Pin=J4-2
Added Pin To Net: NetName=GND Pin=J5-2
Added Pin To Net: NetName=GND Pin=J5-2
Added Pin To Net: NetName=GND Pin=J5-2
Added Pin To Net: NetName=GND Pin=J5-2
Added Pin To Net: NetName=GND Pin=J5-2
Added Pin To Net: NetName=GND Pin=J5-2
Added Pin To Net: NetName=GND Pin=J5-2
Added Pin To Net: NetName=GND Pin=J5-2
Added Pin To Net: NetName=GND Pin=J5-2
Added Pin To Net: NetName=GND Pin=J5-2
Added Pin To Net: NetName=GND Pin=J6-2
Added Pin To Net: NetName=GND Pin=J6-2
Added Pin To Net: NetName=GND Pin=J6-2
Added Pin To Net: NetName=GND Pin=J6-2
Added Pin To Net: NetName=GND Pin=J6-2
Added Pin To Net: NetName=GND Pin=J6-2
Added Pin To Net: NetName=GND Pin=J6-2
Added Pin To Net: NetName=GND Pin=J6-2
Added Pin To Net: NetName=GND Pin=J6-2
Added Pin To Net: NetName=GND Pin=J6-2
Added Pin To Net: NetName=GND Pin=J8-5
Added Pin To Net: NetName=GND Pin=J8-6
Added Pin To Net: NetName=GND Pin=MH1-1
Added Pin To Net: NetName=GND Pin=MH2-1
Added Pin To Net: NetName=GND Pin=MH3-1
Added Pin To Net: NetName=GND Pin=MH4-1
Added Pin To Net: NetName=GND Pin=U1-2
Added Pin To Net: NetName=GND Pin=U1-5
Added Pin To Net: NetName=GND Pin=U1-6
Added Pin To Net: NetName=GND Pin=U1-7
Added Pin To Net: NetName=GND Pin=U1-8
Added Pin To Net: NetName=GND Pin=U1-9
Added Pin To Net: NetName=GND Pin=U1-12
Added Pin To Net: NetName=GND Pin=U1-14
Added Pin To Net: NetName=GND Pin=U1-17
Added Pin To Net: NetName=GND Pin=U1-18
Added Pin To Net: NetName=GND Pin=U1-23
Added Pin To Net: NetName=GND Pin=U1-34
Added Pin To Net: NetName=GND Pin=U1-36
Added Pin To Net: NetName=GND Pin=U1-37
Added Pin To Net: NetName=GND Pin=U1-39
Added Pin To Net: NetName=GND Pin=U1-44
Added Pin To Net: NetName=GND Pin=U1-45
Added Pin To Net: NetName=GND Pin=U1-48
Added Pin To Net: NetName=GND Pin=U1-49
Added Pin To Net: NetName=GND Pin=U1-50
Added Pin To Net: NetName=GND Pin=U1-51
Added Pin To Net: NetName=GND Pin=U1-52
Added Pin To Net: NetName=GND Pin=U2-1
Added Pin To Net: NetName=GND Pin=U2-3
Added Pin To Net: NetName=GND Pin=U2-7
Added Pin To Net: NetName=GND Pin=U3-1
Added Pin To Net: NetName=GND Pin=U3-3
Added Pin To Net: NetName=GND Pin=U3-7
Added Pin To Net: NetName=GND Pin=U4-1
Added Pin To Net: NetName=GND Pin=U4-3
Added Pin To Net: NetName=GND Pin=U4-7
Added Pin To Net: NetName=GND Pin=U5-1
Added Pin To Net: NetName=GND Pin=U5-3
Added Pin To Net: NetName=GND Pin=U5-7
Added Pin To Net: NetName=GND Pin=U6-11
Added Pin To Net: NetName=GND Pin=U6-12
Added Pin To Net: NetName=GND Pin=U6-13
Added Pin To Net: NetName=GND Pin=U6-22
Added Pin To Net: NetName=GND Pin=U7-4
Added Pin To Net: NetName=GND Pin=U7-5
Added Net: Name=GND
Added Pin To Net: NetName=IFOUT1_N Pin=J7-2
Added Pin To Net: NetName=IFOUT1_N Pin=U1-42
Added Net: Name=IFOUT1_N
Added Pin To Net: NetName=IFOUT1_P Pin=J7-1
Added Pin To Net: NetName=IFOUT1_P Pin=U1-43
Added Net: Name=IFOUT1_P
Added Pin To Net: NetName=IFOUT2_N Pin=J7-4
Added Pin To Net: NetName=IFOUT2_N Pin=U1-40
Added Net: Name=IFOUT2_N
Added Pin To Net: NetName=IFOUT2_P Pin=J7-3
Added Pin To Net: NetName=IFOUT2_P Pin=U1-41
Added Net: Name=IFOUT2_P
Added Pin To Net: NetName=IFOUT3_N Pin=J7-6
Added Pin To Net: NetName=IFOUT3_N Pin=U1-22
Added Net: Name=IFOUT3_N
Added Pin To Net: NetName=IFOUT3_P Pin=J7-5
Added Pin To Net: NetName=IFOUT3_P Pin=U1-21
Added Net: Name=IFOUT3_P
Added Pin To Net: NetName=IFOUT4_N Pin=J7-8
Added Pin To Net: NetName=IFOUT4_N Pin=U1-20
Added Net: Name=IFOUT4_N
Added Pin To Net: NetName=IFOUT4_P Pin=J7-7
Added Pin To Net: NetName=IFOUT4_P Pin=U1-19
Added Net: Name=IFOUT4_P
Added Pin To Net: NetName=LOIN Pin=J6-1
Added Pin To Net: NetName=LOIN Pin=U1-35
Added Net: Name=LOIN
Added Pin To Net: NetName=MADV Pin=U1-31
Added Pin To Net: NetName=MADV Pin=U6-16
Added Net: Name=MADV
Added Pin To Net: NetName=MADV_MCU Pin=J1-6
Added Pin To Net: NetName=MADV_MCU Pin=U6-8
Added Net: Name=MADV_MCU
Added Pin To Net: NetName=MISO Pin=R2-4
Added Pin To Net: NetName=MISO Pin=U7-7
Added Net: Name=MISO
Added Pin To Net: NetName=MISO_MCU Pin=J1-4
Added Pin To Net: NetName=MISO_MCU Pin=U7-2
Added Net: Name=MISO_MCU
Added Pin To Net: NetName=MOSI Pin=R2-2
Added Pin To Net: NetName=MOSI Pin=U6-20
Added Net: Name=MOSI
Added Pin To Net: NetName=MOSI_MCU Pin=J1-2
Added Pin To Net: NetName=MOSI_MCU Pin=U6-4
Added Net: Name=MOSI_MCU
Added Pin To Net: NetName=MRST Pin=U1-30
Added Pin To Net: NetName=MRST Pin=U6-18
Added Net: Name=MRST
Added Pin To Net: NetName=MRST_MCU Pin=J1-5
Added Pin To Net: NetName=MRST_MCU Pin=U6-6
Added Net: Name=MRST_MCU
Added Pin To Net: NetName=NetC1_2 Pin=C1-2
Added Pin To Net: NetName=NetC1_2 Pin=U1-32
Added Pin To Net: NetName=NetC1_2 Pin=U1-33
Added Net: Name=NetC1_2
Added Pin To Net: NetName=NetR1_2 Pin=R1-2
Added Pin To Net: NetName=NetR1_2 Pin=R2-8
Added Pin To Net: NetName=NetR1_2 Pin=U1-25
Added Net: Name=NetR1_2
Added Pin To Net: NetName=NetR2_5 Pin=R2-5
Added Pin To Net: NetName=NetR2_5 Pin=U1-24
Added Net: Name=NetR2_5
Added Pin To Net: NetName=NetR2_6 Pin=R2-6
Added Pin To Net: NetName=NetR2_6 Pin=U1-27
Added Net: Name=NetR2_6
Added Pin To Net: NetName=NetR2_7 Pin=R2-7
Added Pin To Net: NetName=NetR2_7 Pin=U1-26
Added Net: Name=NetR2_7
Added Pin To Net: NetName=NetR3_1 Pin=R3-1
Added Pin To Net: NetName=NetR3_1 Pin=U6-2
Added Net: Name=NetR3_1
Added Pin To Net: NetName=RFIN1 Pin=J2-1
Added Pin To Net: NetName=RFIN1 Pin=U2-2
Added Net: Name=RFIN1
Added Pin To Net: NetName=RFIN1_N Pin=U1-46
Added Pin To Net: NetName=RFIN1_N Pin=U2-4
Added Net: Name=RFIN1_N
Added Pin To Net: NetName=RFIN1_P Pin=U1-47
Added Pin To Net: NetName=RFIN1_P Pin=U2-6
Added Net: Name=RFIN1_P
Added Pin To Net: NetName=RFIN2 Pin=J3-1
Added Pin To Net: NetName=RFIN2 Pin=U3-2
Added Net: Name=RFIN2
Added Pin To Net: NetName=RFIN2_N Pin=U1-3
Added Pin To Net: NetName=RFIN2_N Pin=U3-4
Added Net: Name=RFIN2_N
Added Pin To Net: NetName=RFIN2_P Pin=U1-4
Added Pin To Net: NetName=RFIN2_P Pin=U3-6
Added Net: Name=RFIN2_P
Added Pin To Net: NetName=RFIN3 Pin=J4-1
Added Pin To Net: NetName=RFIN3 Pin=U4-2
Added Net: Name=RFIN3
Added Pin To Net: NetName=RFIN3_N Pin=U1-11
Added Pin To Net: NetName=RFIN3_N Pin=U4-4
Added Net: Name=RFIN3_N
Added Pin To Net: NetName=RFIN3_P Pin=U1-10
Added Pin To Net: NetName=RFIN3_P Pin=U4-6
Added Net: Name=RFIN3_P
Added Pin To Net: NetName=RFIN4 Pin=J5-1
Added Pin To Net: NetName=RFIN4 Pin=U5-2
Added Net: Name=RFIN4
Added Pin To Net: NetName=RFIN4_N Pin=U1-16
Added Pin To Net: NetName=RFIN4_N Pin=U5-4
Added Net: Name=RFIN4_N
Added Pin To Net: NetName=RFIN4_P Pin=U1-15
Added Pin To Net: NetName=RFIN4_P Pin=U5-6
Added Net: Name=RFIN4_P
Added Pin To Net: NetName=RxADV Pin=U1-29
Added Pin To Net: NetName=RxADV Pin=U6-15
Added Net: Name=RxADV
Added Pin To Net: NetName=RxADV_MCU Pin=J1-8
Added Pin To Net: NetName=RxADV_MCU Pin=U6-9
Added Net: Name=RxADV_MCU
Added Pin To Net: NetName=RxRST Pin=U1-28
Added Pin To Net: NetName=RxRST Pin=U6-17
Added Net: Name=RxRST
Added Pin To Net: NetName=RxRST_MCU Pin=J1-7
Added Pin To Net: NetName=RxRST_MCU Pin=U6-7
Added Net: Name=RxRST_MCU
Added Pin To Net: NetName=SCK Pin=R2-3
Added Pin To Net: NetName=SCK Pin=U6-19
Added Net: Name=SCK
Added Pin To Net: NetName=SCK_MCU Pin=J1-3
Added Pin To Net: NetName=SCK_MCU Pin=U6-5
Added Net: Name=SCK_MCU
Added Pin To Net: NetName=Vin Pin=C13-1
Added Pin To Net: NetName=Vin Pin=C15-1
Added Pin To Net: NetName=Vin Pin=J8-4
Added Pin To Net: NetName=Vin Pin=R3-2
Added Pin To Net: NetName=Vin Pin=U6-1
Added Pin To Net: NetName=Vin Pin=U7-1
Added Net: Name=Vin
Added Class: Name=Receiver
Added Rule: Name=Schematic Supply Nets
Added Rule: Name=Schematic Supply Nets_1
Added Rule: Name=Schematic Supply Nets_2
Added Rule: Name=Schematic Supply Nets_3
Added Rule: Name=Schematic Supply Nets_4
